time_s,emg_raw_mV
0.000,0.003657
0.001,-0.011553
0.002,0.010769
0.003,0.013714
0.004,-0.020559
0.005,-0.012626
0.006,0.004387
0.007,-0.001368
0.008,0.001562
0.009,-0.009309
0.010,0.010553
0.011,0.008406
0.012,-0.000971
0.013,0.011100
0.014,0.002757
0.015,-0.013312
0.016,0.001572
0.017,-0.013934
0.018,0.008778
0.019,-0.001526
0.020,-0.002218
0.021,-0.007244
0.022,0.016434
0.023,0.000573
0.024,-0.002287
0.025,-0.001226
0.026,0.009241
0.027,0.006812
0.028,0.006716
0.029,0.006097
0.030,0.025700
0.031,-0.005804
0.032,-0.007910
0.033,-0.012192
0.034,0.004539
0.035,0.010548
0.036,-0.004221
0.037,-0.012509
0.038,-0.011657
0.039,0.006880
0.040,0.008919
0.041,0.007445
0.042,-0.006223
0.043,0.005213
0.044,0.004253
0.045,0.005624
0.046,0.013310
0.047,0.005110
0.048,0.009910
0.049,0.001738
0.050,0.003469
0.051,0.006648
0.052,-0.019249
0.053,-0.006263
0.054,-0.008498
0.055,-0.010667
0.056,-0.006155
0.057,0.015512
0.058,-0.012153
0.059,0.010692
0.060,-0.020194
0.061,-0.003092
0.062,0.003716
0.063,0.009462
0.064,0.011388
0.065,0.012520
0.066,-0.001332
0.067,-0.003121
0.068,0.012059
0.069,-0.001369
0.070,-0.015308
0.071,-0.014526
0.072,-0.012797
0.073,0.003539
0.074,-0.001144
0.075,0.005286
0.076,-0.007980
0.077,-0.000525
0.078,0.005744
0.079,-0.004639
0.080,0.005481
0.081,-0.007016
0.082,-0.002593
0.083,-0.002154
0.084,-0.011497
0.085,0.008844
0.086,-0.002780
0.087,0.002577
0.088,0.007532
0.089,0.006285
0.090,0.007985
0.091,-0.002109
0.092,-0.006843
0.093,-0.003384
0.094,-0.023101
0.095,-0.020365
0.096,-0.018726
0.097,-0.014394
0.098,0.003034
0.099,-0.011793
0.100,-0.004538
0.101,0.016518
0.102,-0.002512
0.103,0.011277
0.104,-0.008350
0.105,0.000535
0.106,-0.008547
0.107,-0.001641
0.108,0.011847
0.109,-0.019801
0.110,0.005213
0.111,0.001926
0.112,-0.008893
0.113,-0.019780
0.114,-0.001988
0.115,-0.009354
0.116,-0.000061
0.117,-0.002165
0.118,0.017458
0.119,-0.003799
0.120,-0.012282
0.121,0.003078
0.122,0.004403
0.123,0.018737
0.124,0.012875
0.125,0.007282
0.126,0.020413
0.127,-0.011838
0.128,-0.005914
0.129,-0.010192
0.130,-0.004678
0.131,-0.017447
0.132,0.005858
0.133,-0.005094
0.134,-0.020503
0.135,-0.015187
0.136,0.000909
0.137,0.007630
0.138,0.022197
0.139,0.034039
0.140,0.004973
0.141,-0.010947
0.142,-0.023821
0.143,0.005640
0.144,-0.006902
0.145,-0.001984
0.146,-0.004492
0.147,0.000738
0.148,0.014555
0.149,0.002812
0.150,-0.001904
0.151,-0.013355
0.152,-0.021860
0.153,-0.008263
0.154,-0.003499
0.155,0.018215
0.156,-0.001290
0.157,0.009366
0.158,-0.007755
0.159,-0.015146
0.160,-0.011581
0.161,-0.007776
0.162,0.027305
0.163,-0.007430
0.164,0.012915
0.165,-0.007835
0.166,0.014032
0.167,0.007046
0.168,-0.000116
0.169,0.000438
0.170,-0.007857
0.171,0.004426
0.172,-0.007223
0.173,-0.017134
0.174,-0.018188
0.175,-0.000929
0.176,0.016096
0.177,-0.000507
0.178,-0.003187
0.179,0.002503
0.180,0.015672
0.181,0.003560
0.182,-0.003168
0.183,0.015703
0.184,0.007998
0.185,0.021429
0.186,0.005052
0.187,-0.012267
0.188,-0.014655
0.189,0.020738
0.190,0.020684
0.191,-0.003081
0.192,-0.006362
0.193,0.015110
0.194,-0.016138
0.195,-0.013737
0.196,0.004867
0.197,-0.007162
0.198,-0.001825
0.199,-0.002888
0.200,0.004051
0.201,0.017817
0.202,0.002850
0.203,0.010154
0.204,-0.021749
0.205,0.002415
0.206,-0.007266
0.207,-0.012199
0.208,-0.008774
0.209,-0.003082
0.210,0.010991
0.211,-0.016844
0.212,-0.001396
0.213,-0.008237
0.214,-0.006785
0.215,0.009033
0.216,0.003604
0.217,0.013622
0.218,-0.003617
0.219,-0.009278
0.220,-0.002686
0.221,0.003837
0.222,0.003882
0.223,-0.010586
0.224,0.003939
0.225,0.005739
0.226,0.033063
0.227,0.024949
0.228,-0.008476
0.229,-0.002522
0.230,-0.017561
0.231,-0.008016
0.232,0.002024
0.233,0.012043
0.234,-0.011602
0.235,-0.010850
0.236,-0.028621
0.237,-0.004379
0.238,-0.014512
0.239,-0.007280
0.240,-0.010522
0.241,-0.000204
0.242,-0.019329
0.243,-0.015177
0.244,0.028404
0.245,-0.012449
0.246,-0.010308
0.247,0.024470
0.248,0.036624
0.249,-0.013132
0.250,-0.004419
0.251,0.003172
0.252,0.018981
0.253,-0.014269
0.254,-0.005797
0.255,0.006328
0.256,0.002364
0.257,-0.006941
0.258,-0.003369
0.259,-0.017426
0.260,-0.002858
0.261,-0.002270
0.262,0.004549
0.263,-0.004237
0.264,0.008512
0.265,0.015153
0.266,0.004718
0.267,0.006648
0.268,0.002401
0.269,0.000928
0.270,-0.008659
0.271,0.002871
0.272,-0.002931
0.273,0.022691
0.274,0.016027
0.275,0.001630
0.276,-0.012010
0.277,-0.015776
0.278,0.012530
0.279,0.002226
0.280,0.005762
0.281,-0.020008
0.282,0.012893
0.283,0.007880
0.284,-0.010472
0.285,-0.002658
0.286,0.006018
0.287,0.003057
0.288,-0.001743
0.289,-0.000315
0.290,-0.003024
0.291,0.000904
0.292,0.015895
0.293,-0.033227
0.294,-0.005695
0.295,-0.000882
0.296,0.000699
0.297,-0.006890
0.298,-0.022844
0.299,0.003009
0.300,0.020728
0.301,-0.017479
0.302,0.012129
0.303,-0.001515
0.304,0.002117
0.305,-0.009635
0.306,-0.001160
0.307,0.018028
0.308,0.008755
0.309,0.021715
0.310,0.014129
0.311,0.004342
0.312,0.019164
0.313,0.002841
0.314,0.007083
0.315,-0.006559
0.316,-0.002055
0.317,-0.010796
0.318,0.010112
0.319,-0.015067
0.320,0.009388
0.321,-0.001361
0.322,0.015818
0.323,0.011437
0.324,0.024701
0.325,0.011769
0.326,-0.016011
0.327,0.001624
0.328,-0.012301
0.329,-0.005292
0.330,0.018135
0.331,0.006723
0.332,-0.010151
0.333,-0.014592
0.334,-0.002460
0.335,-0.017599
0.336,-0.010907
0.337,0.001317
0.338,0.012100
0.339,0.006378
0.340,-0.027495
0.341,0.004579
0.342,0.002628
0.343,0.007394
0.344,0.022248
0.345,-0.021759
0.346,-0.004240
0.347,0.009518
0.348,-0.017216
0.349,0.018638
0.350,0.004420
0.351,0.009232
0.352,-0.008615
0.353,0.007338
0.354,0.009968
0.355,-0.000205
0.356,-0.000040
0.357,0.000817
0.358,-0.012123
0.359,-0.002697
0.360,-0.001830
0.361,0.005528
0.362,0.013761
0.363,-0.010275
0.364,0.001353
0.365,0.020777
0.366,-0.006070
0.367,-0.007440
0.368,0.004191
0.369,0.011060
0.370,0.000137
0.371,0.015020
0.372,0.008518
0.373,0.007675
0.374,0.003796
0.375,0.024932
0.376,-0.005315
0.377,-0.026469
0.378,0.017488
0.379,-0.006419
0.380,0.001295
0.381,0.016642
0.382,-0.017464
0.383,-0.012593
0.384,-0.016362
0.385,-0.006530
0.386,0.008129
0.387,0.008717
0.388,0.005079
0.389,-0.016026
0.390,-0.027721
0.391,-0.000275
0.392,-0.007425
0.393,0.003086
0.394,0.005570
0.395,-0.001341
0.396,0.006268
0.397,0.000323
0.398,0.004597
0.399,-0.009383
0.400,-0.002155
0.401,0.003288
0.402,0.011610
0.403,-0.002298
0.404,0.009107
0.405,-0.000190
0.406,0.001443
0.407,0.012381
0.408,-0.022153
0.409,-0.014631
0.410,-0.017786
0.411,-0.028930
0.412,-0.009903
0.413,0.006566
0.414,-0.006272
0.415,-0.000627
0.416,0.010217
0.417,0.013505
0.418,-0.002593
0.419,0.015316
0.420,0.001106
0.421,-0.009122
0.422,-0.005369
0.423,-0.015339
0.424,-0.007804
0.425,-0.001296
0.426,0.012496
0.427,0.023076
0.428,-0.014823
0.429,0.005641
0.430,-0.012487
0.431,0.004769
0.432,-0.003336
0.433,-0.024398
0.434,0.008286
0.435,-0.010260
0.436,-0.009260
0.437,-0.015264
0.438,-0.009615
0.439,0.004208
0.440,-0.002271
0.441,0.004871
0.442,0.006106
0.443,0.018275
0.444,-0.001260
0.445,-0.014722
0.446,0.015660
0.447,-0.001551
0.448,0.015138
0.449,0.005528
0.450,-0.001574
0.451,0.003258
0.452,0.021649
0.453,0.022497
0.454,-0.002021
0.455,-0.001078
0.456,0.010062
0.457,-0.012575
0.458,0.002233
0.459,-0.001237
0.460,0.003767
0.461,-0.009073
0.462,-0.017311
0.463,-0.022449
0.464,-0.010555
0.465,-0.002504
0.466,-0.000665
0.467,0.025674
0.468,0.015035
0.469,-0.010618
0.470,0.004173
0.471,-0.005812
0.472,-0.005176
0.473,-0.000203
0.474,0.004577
0.475,-0.007071
0.476,0.009913
0.477,-0.016130
0.478,-0.001687
0.479,0.030245
0.480,0.002677
0.481,0.018126
0.482,0.002862
0.483,0.009396
0.484,0.002172
0.485,0.000955
0.486,-0.006501
0.487,0.007591
0.488,-0.008455
0.489,0.008914
0.490,0.013023
0.491,0.003471
0.492,-0.005198
0.493,0.003021
0.494,-0.006557
0.495,0.008227
0.496,-0.024830
0.497,-0.006454
0.498,-0.025653
0.499,-0.018868
0.500,0.016366
0.501,0.011669
0.502,-0.006870
0.503,-0.015603
0.504,-0.032721
0.505,-0.003522
0.506,0.031898
0.507,0.007646
0.508,-0.004952
0.509,0.006508
0.510,-0.018732
0.511,-0.004495
0.512,-0.000570
0.513,-0.003460
0.514,0.006637
0.515,0.001136
0.516,0.005167
0.517,-0.010688
0.518,0.009010
0.519,0.018620
0.520,-0.011642
0.521,-0.009725
0.522,0.017793
0.523,0.000131
0.524,0.019699
0.525,-0.002310
0.526,0.020314
0.527,0.004005
0.528,0.004862
0.529,0.019704
0.530,-0.004341
0.531,-0.012221
0.532,-0.007146
0.533,0.003001
0.534,-0.021642
0.535,0.004650
0.536,-0.009318
0.537,0.011347
0.538,-0.030494
0.539,-0.010366
0.540,-0.020238
0.541,-0.008988
0.542,0.004735
0.543,0.000276
0.544,-0.000187
0.545,0.001090
0.546,0.005294
0.547,-0.009675
0.548,0.010246
0.549,0.008879
0.550,0.004620
0.551,0.005751
0.552,0.001794
0.553,0.021994
0.554,-0.003898
0.555,-0.006685
0.556,-0.011896
0.557,-0.014814
0.558,-0.016697
0.559,-0.011593
0.560,-0.000848
0.561,0.004939
0.562,0.002377
0.563,-0.006759
0.564,0.013655
0.565,0.011873
0.566,0.000937
0.567,-0.005408
0.568,0.008344
0.569,0.003183
0.570,-0.017378
0.571,-0.001743
0.572,0.001381
0.573,-0.013223
0.574,-0.000575
0.575,-0.020458
0.576,0.013181
0.577,0.012548
0.578,-0.004794
0.579,0.003434
0.580,-0.028919
0.581,-0.012949
0.582,-0.001762
0.583,-0.010439
0.584,0.011426
0.585,0.026968
0.586,-0.011266
0.587,-0.007623
0.588,0.004589
0.589,0.020260
0.590,-0.014668
0.591,0.002061
0.592,0.020092
0.593,-0.022248
0.594,-0.018226
0.595,-0.008083
0.596,-0.009100
0.597,0.007324
0.598,0.001137
0.599,-0.022227
0.600,0.006185
0.601,-0.006003
0.602,0.017057
0.603,-0.005104
0.604,-0.004786
0.605,0.009494
0.606,0.012008
0.607,0.007804
0.608,-0.018464
0.609,0.007383
0.610,-0.012412
0.611,0.001896
0.612,-0.018848
0.613,0.002929
0.614,-0.012532
0.615,-0.018392
0.616,0.005713
0.617,0.000473
0.618,-0.009131
0.619,0.016487
0.620,-0.005288
0.621,0.001312
0.622,0.004990
0.623,-0.005009
0.624,0.008507
0.625,-0.003401
0.626,-0.002086
0.627,0.018779
0.628,-0.010724
0.629,-0.028026
0.630,0.019331
0.631,0.029665
0.632,-0.006627
0.633,-0.025669
0.634,-0.006579
0.635,-0.006435
0.636,-0.005132
0.637,-0.015788
0.638,0.005191
0.639,0.005367
0.640,-0.017933
0.641,0.009317
0.642,0.026396
0.643,0.004491
0.644,-0.001195
0.645,0.001296
0.646,0.010236
0.647,-0.018341
0.648,0.003736
0.649,-0.003759
0.650,0.022174
0.651,-0.003017
0.652,0.018251
0.653,-0.015672
0.654,0.004194
0.655,0.000833
0.656,-0.013282
0.657,-0.000298
0.658,0.012787
0.659,-0.004813
0.660,-0.020304
0.661,0.000716
0.662,-0.009066
0.663,-0.001681
0.664,0.001874
0.665,-0.017468
0.666,-0.016535
0.667,0.008212
0.668,-0.004509
0.669,-0.029850
0.670,0.009418
0.671,0.002341
0.672,-0.010330
0.673,-0.018229
0.674,0.007177
0.675,0.001192
0.676,0.025738
0.677,0.002615
0.678,0.002889
0.679,-0.002930
0.680,0.009801
0.681,0.008428
0.682,0.016784
0.683,-0.003829
0.684,-0.002372
0.685,-0.002749
0.686,0.012343
0.687,0.020408
0.688,-0.003743
0.689,-0.004170
0.690,0.003769
0.691,-0.003876
0.692,0.009661
0.693,-0.029448
0.694,-0.012774
0.695,-0.012389
0.696,-0.030697
0.697,-0.013991
0.698,-0.012745
0.699,-0.003340
0.700,0.013356
0.701,-0.002014
0.702,-0.010606
0.703,0.001744
0.704,0.015443
0.705,-0.008712
0.706,-0.008074
0.707,0.009130
0.708,-0.000895
0.709,0.008697
0.710,-0.000164
0.711,0.007493
0.712,-0.014184
0.713,-0.002572
0.714,-0.005381
0.715,-0.017591
0.716,-0.021615
0.717,0.005802
0.718,-0.005975
0.719,-0.013194
0.720,-0.001154
0.721,0.014463
0.722,-0.025605
0.723,-0.015533
0.724,-0.008221
0.725,0.020534
0.726,0.006244
0.727,0.011635
0.728,-0.011919
0.729,-0.012507
0.730,0.005374
0.731,-0.000228
0.732,0.004822
0.733,-0.004679
0.734,0.000485
0.735,-0.001103
0.736,0.006480
0.737,0.007257
0.738,-0.021202
0.739,-0.027894
0.740,0.012021
0.741,0.015180
0.742,-0.010484
0.743,-0.019891
0.744,0.004042
0.745,0.014170
0.746,0.024424
0.747,0.008623
0.748,-0.002697
0.749,-0.009791
0.750,0.000137
0.751,-0.004518
0.752,-0.013944
0.753,0.022158
0.754,0.018569
0.755,0.010633
0.756,-0.013903
0.757,0.007833
0.758,0.005912
0.759,0.004383
0.760,0.014996
0.761,0.008552
0.762,0.010644
0.763,0.010070
0.764,0.006943
0.765,-0.018403
0.766,0.003857
0.767,-0.004247
0.768,-0.013595
0.769,0.021109
0.770,0.020748
0.771,0.015384
0.772,0.001299
0.773,0.013780
0.774,-0.002709
0.775,-0.000566
0.776,-0.015975
0.777,0.002337
0.778,-0.001039
0.779,-0.016559
0.780,-0.000614
0.781,-0.000030
0.782,0.023334
0.783,0.013158
0.784,0.002991
0.785,0.005985
0.786,0.003384
0.787,-0.000008
0.788,-0.011226
0.789,-0.000886
0.790,-0.008953
0.791,-0.015931
0.792,0.004371
0.793,0.002268
0.794,-0.024294
0.795,-0.004472
0.796,0.009095
0.797,0.010284
0.798,0.010547
0.799,-0.000460
0.800,-0.010141
0.801,-0.012077
0.802,0.005899
0.803,0.006978
0.804,0.018301
0.805,0.016200
0.806,0.001266
0.807,-0.012503
0.808,-0.002066
0.809,0.003534
0.810,-0.002425
0.811,-0.007862
0.812,0.001271
0.813,-0.008475
0.814,-0.010390
0.815,0.000737
0.816,-0.007677
0.817,0.000502
0.818,0.001515
0.819,-0.014600
0.820,-0.005775
0.821,0.018180
0.822,-0.012182
0.823,-0.022973
0.824,-0.019489
0.825,0.003349
0.826,0.003224
0.827,0.001016
0.828,0.016334
0.829,-0.031147
0.830,0.004751
0.831,0.017810
0.832,-0.015297
0.833,-0.006985
0.834,-0.011888
0.835,-0.013732
0.836,-0.006768
0.837,0.014703
0.838,0.020285
0.839,-0.004958
0.840,0.022861
0.841,0.001354
0.842,0.022808
0.843,0.001307
0.844,0.004426
0.845,0.007386
0.846,0.040999
0.847,0.012642
0.848,-0.006724
0.849,0.012555
0.850,-0.004342
0.851,-0.006804
0.852,0.009140
0.853,-0.002054
0.854,0.000490
0.855,-0.002832
0.856,0.001186
0.857,0.002673
0.858,-0.025007
0.859,0.007072
0.860,-0.011784
0.861,-0.016381
0.862,0.001062
0.863,0.003435
0.864,-0.005469
0.865,0.012972
0.866,-0.013253
0.867,-0.002456
0.868,-0.005255
0.869,0.000368
0.870,0.003346
0.871,-0.013022
0.872,0.006928
0.873,-0.001671
0.874,-0.025557
0.875,-0.026503
0.876,-0.003001
0.877,-0.005079
0.878,-0.003004
0.879,-0.001263
0.880,0.002707
0.881,0.012299
0.882,-0.011570
0.883,-0.011637
0.884,-0.010267
0.885,0.006467
0.886,0.017793
0.887,-0.002749
0.888,-0.028257
0.889,-0.019521
0.890,-0.009996
0.891,-0.007620
0.892,-0.006664
0.893,-0.001964
0.894,-0.006594
0.895,0.009592
0.896,-0.010965
0.897,-0.012775
0.898,0.003983
0.899,-0.019355
0.900,0.004676
0.901,0.002158
0.902,-0.000006
0.903,0.021486
0.904,-0.004613
0.905,0.027724
0.906,0.000148
0.907,-0.012897
0.908,0.002602
0.909,-0.011988
0.910,-0.009021
0.911,0.003837
0.912,0.004904
0.913,-0.009893
0.914,0.008996
0.915,0.010890
0.916,0.014382
0.917,0.003926
0.918,0.014598
0.919,-0.023497
0.920,-0.003815
0.921,-0.009477
0.922,0.003194
0.923,-0.004430
0.924,0.000859
0.925,0.025586
0.926,0.000817
0.927,0.007393
0.928,-0.001024
0.929,0.001836
0.930,0.000072
0.931,0.004453
0.932,0.012220
0.933,0.017342
0.934,0.000862
0.935,0.004075
0.936,-0.016664
0.937,-0.003482
0.938,0.009520
0.939,0.009465
0.940,0.002539
0.941,0.011564
0.942,0.007653
0.943,0.016831
0.944,0.006325
0.945,-0.001268
0.946,0.006883
0.947,-0.032740
0.948,0.006358
0.949,-0.042854
0.950,-0.020682
0.951,0.004494
0.952,0.003967
0.953,-0.016376
0.954,-0.011398
0.955,0.013446
0.956,-0.008662
0.957,0.024488
0.958,-0.001786
0.959,0.003969
0.960,0.019402
0.961,0.002499
0.962,-0.010265
0.963,0.001110
0.964,0.002426
0.965,-0.013377
0.966,-0.000217
0.967,-0.006479
0.968,0.012856
0.969,0.001342
0.970,-0.003394
0.971,-0.002201
0.972,0.000914
0.973,0.004975
0.974,-0.014850
0.975,-0.015499
0.976,0.010403
0.977,-0.007375
0.978,-0.018765
0.979,0.004399
0.980,0.005560
0.981,-0.017442
0.982,0.004517
0.983,0.011254
0.984,0.007346
0.985,0.010584
0.986,-0.013998
0.987,0.006400
0.988,-0.001868
0.989,-0.004866
0.990,0.010447
0.991,0.016824
0.992,0.019769
0.993,0.013351
0.994,-0.004170
0.995,0.001233
0.996,0.006349
0.997,-0.000973
0.998,-0.000194
0.999,0.008958
1.000,-0.000711
1.001,-0.007824
1.002,-0.003210
1.003,0.010034
1.004,0.002889
1.005,0.007083
1.006,0.010894
1.007,-0.002071
1.008,0.010838
1.009,0.005473
1.010,-0.014818
1.011,0.016381
1.012,-0.007772
1.013,-0.022288
1.014,-0.015394
1.015,-0.015253
1.016,-0.002227
1.017,-0.005713
1.018,-0.005805
1.019,0.006509
1.020,0.004079
1.021,0.004720
1.022,0.006681
1.023,0.009821
1.024,-0.022442
1.025,-0.001373
1.026,-0.023309
1.027,0.002860
1.028,0.001708
1.029,0.013473
1.030,0.014252
1.031,0.001506
1.032,-0.007768
1.033,0.003395
1.034,-0.009188
1.035,-0.003017
1.036,0.008980
1.037,-0.009120
1.038,0.007905
1.039,0.007202
1.040,-0.011458
1.041,0.012614
1.042,0.010146
1.043,0.003650
1.044,-0.006295
1.045,-0.007310
1.046,-0.003599
1.047,0.008938
1.048,-0.009704
1.049,0.006177
1.050,-0.014901
1.051,-0.003376
1.052,-0.000448
1.053,0.026915
1.054,-0.019381
1.055,0.014664
1.056,-0.001055
1.057,0.002507
1.058,-0.000343
1.059,0.004410
1.060,-0.001844
1.061,0.018376
1.062,-0.003714
1.063,0.016014
1.064,-0.004879
1.065,0.002277
1.066,-0.010010
1.067,0.007887
1.068,0.019105
1.069,-0.000001
1.070,-0.002363
1.071,-0.014302
1.072,-0.004515
1.073,-0.021541
1.074,-0.013808
1.075,-0.000279
1.076,0.012975
1.077,0.031283
1.078,-0.008802
1.079,0.016297
1.080,0.002925
1.081,-0.000888
1.082,0.006954
1.083,0.003170
1.084,0.004178
1.085,-0.001900
1.086,-0.013924
1.087,-0.016096
1.088,0.009602
1.089,-0.002393
1.090,-0.007153
1.091,-0.000825
1.092,0.007776
1.093,-0.000263
1.094,-0.010726
1.095,0.011716
1.096,0.016097
1.097,0.003508
1.098,0.009921
1.099,0.013976
1.100,0.013561
1.101,0.008296
1.102,0.008944
1.103,0.008663
1.104,-0.010315
1.105,0.011409
1.106,-0.013417
1.107,-0.007108
1.108,0.017406
1.109,0.011010
1.110,0.017849
1.111,-0.004187
1.112,-0.015590
1.113,-0.005312
1.114,-0.001629
1.115,-0.002052
1.116,0.010751
1.117,-0.006762
1.118,0.002461
1.119,-0.012791
1.120,0.005404
1.121,0.000964
1.122,-0.007234
1.123,-0.000403
1.124,0.000643
1.125,-0.000242
1.126,0.024109
1.127,0.001246
1.128,-0.001163
1.129,-0.024242
1.130,-0.010730
1.131,-0.004084
1.132,-0.009994
1.133,0.014153
1.134,-0.004832
1.135,0.012461
1.136,-0.002113
1.137,-0.001980
1.138,-0.002829
1.139,-0.000881
1.140,0.020626
1.141,-0.026908
1.142,-0.022255
1.143,-0.004091
1.144,0.003028
1.145,0.011281
1.146,0.008530
1.147,-0.002184
1.148,0.013992
1.149,0.013289
1.150,0.002209
1.151,0.010625
1.152,0.001508
1.153,-0.009165
1.154,0.005521
1.155,-0.001673
1.156,-0.002837
1.157,0.015248
1.158,-0.031174
1.159,-0.017939
1.160,-0.014245
1.161,-0.003432
1.162,-0.001292
1.163,-0.015661
1.164,-0.008969
1.165,-0.007330
1.166,0.032342
1.167,0.024048
1.168,-0.003178
1.169,-0.003436
1.170,-0.013790
1.171,-0.023825
1.172,-0.003166
1.173,-0.014401
1.174,-0.003871
1.175,-0.022202
1.176,-0.011997
1.177,-0.000644
1.178,0.002631
1.179,0.004083
1.180,-0.015846
1.181,0.011183
1.182,-0.007839
1.183,0.010021
1.184,0.002726
1.185,-0.013517
1.186,-0.000941
1.187,0.006811
1.188,0.009119
1.189,-0.000765
1.190,0.018381
1.191,0.011163
1.192,-0.004843
1.193,0.006574
1.194,0.020352
1.195,0.020526
1.196,-0.017589
1.197,-0.013545
1.198,0.016056
1.199,-0.013626
1.200,-0.015870
1.201,-0.004907
1.202,0.006806
1.203,0.001198
1.204,-0.004954
1.205,-0.005091
1.206,-0.005695
1.207,-0.008127
1.208,0.029143
1.209,0.004497
1.210,0.010641
1.211,-0.006796
1.212,-0.003995
1.213,-0.010990
1.214,-0.034674
1.215,-0.019536
1.216,-0.024581
1.217,-0.029424
1.218,-0.016108
1.219,0.014972
1.220,-0.000533
1.221,0.016414
1.222,0.006695
1.223,0.011818
1.224,-0.007958
1.225,0.009287
1.226,0.011598
1.227,-0.004493
1.228,0.008478
1.229,0.007721
1.230,-0.006595
1.231,-0.014400
1.232,-0.015973
1.233,-0.001389
1.234,0.001071
1.235,-0.012510
1.236,-0.002534
1.237,0.004419
1.238,0.005655
1.239,0.017696
1.240,0.015324
1.241,-0.011088
1.242,0.021966
1.243,-0.003945
1.244,0.015392
1.245,0.003816
1.246,-0.002093
1.247,-0.019265
1.248,-0.000295
1.249,-0.017786
1.250,0.011608
1.251,0.017274
1.252,-0.011326
1.253,0.001197
1.254,-0.011558
1.255,-0.010542
1.256,0.006441
1.257,-0.002890
1.258,0.019112
1.259,-0.006714
1.260,0.011992
1.261,0.002096
1.262,0.011313
1.263,-0.002939
1.264,0.002258
1.265,0.001614
1.266,-0.007180
1.267,0.010372
1.268,0.009566
1.269,0.008050
1.270,0.018444
1.271,0.016465
1.272,-0.006263
1.273,0.002050
1.274,-0.010336
1.275,-0.002720
1.276,-0.010050
1.277,0.017014
1.278,0.002601
1.279,-0.003543
1.280,0.014323
1.281,-0.025120
1.282,-0.022406
1.283,0.011977
1.284,0.003579
1.285,0.006005
1.286,-0.013064
1.287,0.002148
1.288,0.025805
1.289,0.010817
1.290,0.002036
1.291,-0.006196
1.292,-0.006498
1.293,-0.027977
1.294,0.000239
1.295,0.007146
1.296,-0.021761
1.297,-0.010364
1.298,-0.015653
1.299,-0.012511
1.300,0.000642
1.301,-0.024086
1.302,0.009135
1.303,0.011473
1.304,-0.000160
1.305,-0.026769
1.306,-0.009104
1.307,0.017222
1.308,-0.031573
1.309,-0.003243
1.310,-0.014160
1.311,0.008728
1.312,-0.009865
1.313,0.002420
1.314,0.003932
1.315,0.019035
1.316,-0.005288
1.317,0.002085
1.318,-0.019584
1.319,0.013358
1.320,-0.009126
1.321,-0.005802
1.322,0.001496
1.323,-0.016328
1.324,0.005598
1.325,0.014610
1.326,0.006368
1.327,-0.016640
1.328,0.000278
1.329,0.009831
1.330,-0.022536
1.331,-0.013824
1.332,0.008755
1.333,0.000814
1.334,0.002090
1.335,0.019314
1.336,0.002769
1.337,0.005468
1.338,0.030766
1.339,-0.003493
1.340,-0.009575
1.341,0.006061
1.342,0.007031
1.343,-0.003894
1.344,-0.009536
1.345,0.030718
1.346,0.006775
1.347,-0.006360
1.348,0.012755
1.349,-0.000383
1.350,-0.003035
1.351,0.005820
1.352,-0.017266
1.353,0.001804
1.354,0.020102
1.355,0.002594
1.356,-0.007368
1.357,-0.008512
1.358,-0.006687
1.359,-0.003975
1.360,-0.004534
1.361,0.011923
1.362,-0.019035
1.363,0.012771
1.364,-0.001703
1.365,0.007523
1.366,-0.010671
1.367,0.018371
1.368,0.016711
1.369,0.012442
1.370,-0.018177
1.371,0.009022
1.372,0.003095
1.373,-0.021690
1.374,-0.003145
1.375,0.001374
1.376,0.003820
1.377,-0.000300
1.378,0.001731
1.379,0.016756
1.380,0.014712
1.381,-0.033478
1.382,-0.002046
1.383,0.000451
1.384,-0.018172
1.385,0.004130
1.386,0.017838
1.387,-0.010612
1.388,0.005800
1.389,-0.010063
1.390,-0.008063
1.391,0.016802
1.392,-0.008274
1.393,0.003119
1.394,-0.025308
1.395,0.019348
1.396,0.004379
1.397,-0.004617
1.398,0.005143
1.399,-0.017845
1.400,0.014190
1.401,-0.002961
1.402,-0.000685
1.403,-0.003473
1.404,-0.004115
1.405,0.011336
1.406,0.005924
1.407,0.010248
1.408,0.001658
1.409,0.007085
1.410,-0.005026
1.411,0.025830
1.412,-0.020579
1.413,0.012704
1.414,0.013562
1.415,-0.013226
1.416,0.023898
1.417,0.009519
1.418,0.009890
1.419,-0.000591
1.420,-0.002607
1.421,-0.001586
1.422,0.006450
1.423,0.019241
1.424,0.005029
1.425,-0.007937
1.426,0.012746
1.427,0.013481
1.428,0.009619
1.429,0.009873
1.430,-0.003251
1.431,-0.012075
1.432,-0.012182
1.433,-0.022053
1.434,-0.000010
1.435,-0.004001
1.436,-0.008133
1.437,-0.037894
1.438,-0.016731
1.439,0.012523
1.440,-0.007976
1.441,0.005254
1.442,-0.014925
1.443,0.019692
1.444,0.001125
1.445,0.006480
1.446,0.030763
1.447,0.020624
1.448,-0.001915
1.449,-0.006192
1.450,-0.003907
1.451,0.005192
1.452,-0.003026
1.453,-0.007170
1.454,0.014753
1.455,-0.004371
1.456,0.024742
1.457,-0.001338
1.458,0.019660
1.459,0.003361
1.460,0.011556
1.461,-0.007768
1.462,-0.008482
1.463,0.007944
1.464,0.014716
1.465,0.003483
1.466,-0.012584
1.467,-0.013896
1.468,-0.015362
1.469,-0.020284
1.470,0.001314
1.471,0.012573
1.472,-0.001924
1.473,-0.029552
1.474,-0.005142
1.475,-0.004954
1.476,0.022299
1.477,-0.019913
1.478,-0.006451
1.479,0.019543
1.480,0.005400
1.481,0.007687
1.482,0.003138
1.483,0.006386
1.484,0.012184
1.485,-0.006714
1.486,0.013390
1.487,-0.014049
1.488,0.005704
1.489,0.003072
1.490,-0.007396
1.491,-0.001199
1.492,-0.009234
1.493,-0.015287
1.494,-0.007097
1.495,-0.016248
1.496,0.001020
1.497,-0.016228
1.498,0.006780
1.499,-0.015105
1.500,-0.006796
1.501,-0.006568
1.502,0.017665
1.503,0.006391
1.504,0.000312
1.505,0.008985
1.506,-0.022433
1.507,0.001909
1.508,0.025734
1.509,0.002515
1.510,0.000815
1.511,0.005650
1.512,0.008984
1.513,-0.026397
1.514,-0.023041
1.515,-0.000477
1.516,-0.011432
1.517,0.013317
1.518,-0.005545
1.519,-0.024141
1.520,-0.015216
1.521,-0.032069
1.522,-0.001046
1.523,0.000166
1.524,-0.002240
1.525,0.015947
1.526,0.017235
1.527,0.000382
1.528,-0.023853
1.529,0.008334
1.530,0.006664
1.531,0.002786
1.532,0.010014
1.533,-0.016405
1.534,0.021252
1.535,-0.014513
1.536,0.006138
1.537,-0.022675
1.538,-0.012927
1.539,0.017269
1.540,-0.003131
1.541,0.011006
1.542,0.004607
1.543,0.001168
1.544,0.019219
1.545,0.000160
1.546,-0.018516
1.547,-0.007212
1.548,0.008378
1.549,0.005673
1.550,-0.018805
1.551,-0.009619
1.552,-0.008744
1.553,-0.006813
1.554,-0.019364
1.555,-0.010540
1.556,-0.011596
1.557,0.006831
1.558,0.007946
1.559,-0.002677
1.560,-0.004704
1.561,0.002606
1.562,-0.008036
1.563,-0.011335
1.564,-0.008429
1.565,-0.004618
1.566,-0.011109
1.567,0.004372
1.568,0.010520
1.569,-0.018118
1.570,0.000302
1.571,-0.003566
1.572,0.002335
1.573,-0.002582
1.574,-0.020296
1.575,-0.018149
1.576,-0.002500
1.577,0.009918
1.578,-0.028334
1.579,0.003222
1.580,0.014275
1.581,-0.000909
1.582,0.008366
1.583,-0.006010
1.584,0.001421
1.585,-0.016451
1.586,-0.025279
1.587,0.013740
1.588,-0.010057
1.589,-0.004539
1.590,-0.016637
1.591,-0.017847
1.592,-0.003849
1.593,-0.011182
1.594,0.001682
1.595,0.002430
1.596,0.000997
1.597,0.000436
1.598,0.017170
1.599,-0.013738
1.600,-0.000659
1.601,0.014519
1.602,0.016938
1.603,-0.014634
1.604,-0.000895
1.605,0.019297
1.606,0.008950
1.607,0.004770
1.608,-0.000849
1.609,-0.003679
1.610,0.003459
1.611,-0.003956
1.612,-0.002274
1.613,-0.001484
1.614,-0.010990
1.615,0.003386
1.616,0.032118
1.617,-0.023751
1.618,0.002125
1.619,-0.010049
1.620,0.006929
1.621,0.001486
1.622,0.010906
1.623,0.016533
1.624,0.005162
1.625,0.016585
1.626,-0.025278
1.627,0.021512
1.628,0.006264
1.629,0.013861
1.630,-0.014639
1.631,-0.010896
1.632,-0.000012
1.633,-0.002632
1.634,0.000544
1.635,0.010014
1.636,-0.024036
1.637,0.009259
1.638,-0.001664
1.639,-0.003372
1.640,-0.017653
1.641,0.006964
1.642,-0.027206
1.643,0.010208
1.644,-0.015052
1.645,0.003641
1.646,0.001423
1.647,0.016462
1.648,-0.000381
1.649,-0.007403
1.650,-0.006079
1.651,0.014348
1.652,0.004672
1.653,-0.007055
1.654,-0.005691
1.655,-0.021806
1.656,0.001809
1.657,-0.023545
1.658,0.007258
1.659,0.000616
1.660,0.028643
1.661,-0.012275
1.662,0.000531
1.663,0.024007
1.664,0.017150
1.665,-0.005355
1.666,0.005541
1.667,0.002451
1.668,0.005147
1.669,-0.007457
1.670,-0.001072
1.671,-0.020104
1.672,-0.000142
1.673,0.002973
1.674,-0.005582
1.675,-0.022381
1.676,0.009009
1.677,0.001947
1.678,-0.010476
1.679,-0.004294
1.680,-0.018008
1.681,-0.011378
1.682,-0.004690
1.683,0.017168
1.684,-0.004821
1.685,0.010683
1.686,-0.003607
1.687,0.005402
1.688,0.000067
1.689,0.011404
1.690,-0.006418
1.691,-0.019797
1.692,-0.018347
1.693,-0.008810
1.694,-0.017842
1.695,0.001923
1.696,-0.008442
1.697,0.026068
1.698,-0.022616
1.699,0.001517
1.700,-0.013535
1.701,-0.004994
1.702,0.003460
1.703,-0.025477
1.704,0.005695
1.705,0.025835
1.706,-0.002588
1.707,0.005545
1.708,0.014062
1.709,-0.001040
1.710,-0.006972
1.711,-0.028236
1.712,0.005929
1.713,-0.003785
1.714,-0.015005
1.715,-0.001481
1.716,-0.009857
1.717,-0.008768
1.718,0.005512
1.719,-0.016988
1.720,0.012568
1.721,-0.015845
1.722,-0.006189
1.723,0.025502
1.724,0.016381
1.725,0.004171
1.726,-0.008433
1.727,-0.003924
1.728,0.002643
1.729,0.001377
1.730,-0.001090
1.731,-0.001297
1.732,-0.004336
1.733,-0.019731
1.734,-0.009051
1.735,0.007975
1.736,-0.019273
1.737,-0.004702
1.738,-0.011600
1.739,0.000409
1.740,-0.004664
1.741,0.018656
1.742,0.007842
1.743,-0.013315
1.744,0.010908
1.745,-0.006296
1.746,-0.004071
1.747,0.006193
1.748,-0.004138
1.749,0.011641
1.750,-0.009294
1.751,-0.008354
1.752,-0.009640
1.753,-0.009215
1.754,0.010337
1.755,0.004546
1.756,0.017666
1.757,0.024785
1.758,-0.014132
1.759,-0.000082
1.760,-0.014114
1.761,-0.008404
1.762,-0.005798
1.763,-0.010259
1.764,-0.009769
1.765,0.001269
1.766,-0.011747
1.767,0.012533
1.768,-0.009250
1.769,0.034642
1.770,-0.005417
1.771,-0.000063
1.772,-0.017307
1.773,0.018046
1.774,0.010581
1.775,0.000563
1.776,-0.019015
1.777,0.000101
1.778,-0.015221
1.779,0.016621
1.780,0.009710
1.781,0.002072
1.782,-0.027473
1.783,-0.009374
1.784,0.011106
1.785,0.017555
1.786,0.016163
1.787,-0.016677
1.788,0.005382
1.789,0.013113
1.790,-0.019900
1.791,-0.001022
1.792,0.001523
1.793,-0.006036
1.794,-0.025079
1.795,-0.006908
1.796,-0.006781
1.797,-0.004204
1.798,-0.008525
1.799,-0.006243
1.800,-0.000476
1.801,0.006506
1.802,-0.001310
1.803,-0.001776
1.804,0.004639
1.805,-0.019462
1.806,0.009106
1.807,0.002950
1.808,0.002789
1.809,0.012855
1.810,-0.023617
1.811,-0.025863
1.812,-0.000860
1.813,-0.005359
1.814,-0.002994
1.815,-0.009276
1.816,0.005468
1.817,0.008483
1.818,0.001216
1.819,-0.009236
1.820,-0.028897
1.821,0.014055
1.822,0.030691
1.823,0.030282
1.824,0.007453
1.825,0.010924
1.826,-0.004685
1.827,-0.006764
1.828,-0.034120
1.829,-0.015366
1.830,0.008319
1.831,0.006341
1.832,-0.008643
1.833,0.004995
1.834,0.003062
1.835,-0.002832
1.836,0.003310
1.837,0.005241
1.838,0.033205
1.839,0.006747
1.840,0.006285
1.841,0.007664
1.842,0.017635
1.843,-0.005784
1.844,-0.003430
1.845,-0.028936
1.846,-0.034547
1.847,-0.069872
1.848,-0.050408
1.849,0.003025
1.850,0.028146
1.851,0.046807
1.852,0.010958
1.853,-0.018911
1.854,-0.041577
1.855,-0.039803
1.856,0.005905
1.857,0.054936
1.858,0.053680
1.859,0.010828
1.860,0.007790
1.861,-0.024224
1.862,0.015189
1.863,0.025491
1.864,0.019861
1.865,0.005468
1.866,-0.017203
1.867,-0.014736
1.868,-0.017170
1.869,0.012489
1.870,0.038144
1.871,0.020729
1.872,0.002182
1.873,-0.026273
1.874,-0.035040
1.875,-0.039972
1.876,0.000619
1.877,0.017335
1.878,0.006271
1.879,-0.039699
1.880,-0.011372
1.881,0.011420
1.882,0.008536
1.883,0.025198
1.884,-0.005962
1.885,0.008165
1.886,-0.013875
1.887,0.007868
1.888,-0.003795
1.889,0.018873
1.890,0.007955
1.891,-0.029136
1.892,-0.031093
1.893,-0.025017
1.894,0.012692
1.895,0.001820
1.896,-0.041016
1.897,-0.055164
1.898,-0.086090
1.899,-0.079947
1.900,-0.032893
1.901,0.029274
1.902,0.043302
1.903,0.024755
1.904,0.008797
1.905,-0.029664
1.906,-0.007717
1.907,0.025784
1.908,0.057094
1.909,0.091870
1.910,0.079298
1.911,0.082739
1.912,0.063740
1.913,-0.006581
1.914,0.006898
1.915,-0.073071
1.916,-0.053293
1.917,-0.025706
1.918,-0.029847
1.919,-0.035246
1.920,-0.021439
1.921,0.020832
1.922,0.003829
1.923,0.042507
1.924,0.003837
1.925,-0.047540
1.926,-0.065592
1.927,-0.072008
1.928,-0.036073
1.929,-0.022156
1.930,-0.032385
1.931,0.013271
1.932,0.041104
1.933,0.080723
1.934,0.027088
1.935,0.017546
1.936,-0.037992
1.937,-0.060746
1.938,-0.054219
1.939,-0.074410
1.940,-0.120534
1.941,-0.132126
1.942,-0.125857
1.943,-0.062197
1.944,0.050605
1.945,0.094365
1.946,0.117099
1.947,0.093460
1.948,0.078965
1.949,0.127148
1.950,0.129895
1.951,0.132320
1.952,0.061537
1.953,0.001629
1.954,-0.045693
1.955,-0.078815
1.956,-0.051045
1.957,-0.085225
1.958,-0.109790
1.959,-0.148328
1.960,-0.133484
1.961,-0.086231
1.962,-0.005137
1.963,0.046790
1.964,0.045800
1.965,0.035762
1.966,0.016908
1.967,0.030774
1.968,0.065484
1.969,0.101894
1.970,0.068153
1.971,0.012750
1.972,-0.037491
1.973,-0.048168
1.974,-0.082423
1.975,-0.028415
1.976,-0.015665
1.977,0.054045
1.978,0.095395
1.979,0.075914
1.980,0.033899
1.981,-0.032970
1.982,-0.079809
1.983,-0.104469
1.984,-0.086929
1.985,-0.030558
1.986,0.013390
1.987,0.000726
1.988,-0.031840
1.989,-0.066801
1.990,-0.039596
1.991,0.006496
1.992,0.063117
1.993,0.118151
1.994,0.118494
1.995,0.098118
1.996,0.059899
1.997,0.027431
1.998,0.004668
1.999,0.015322
2.000,-0.045487
2.001,-0.062011
2.002,-0.030643
2.003,0.002168
2.004,-0.003259
2.005,0.001474
2.006,-0.058371
2.007,-0.098088
2.008,-0.066215
2.009,-0.055514
2.010,-0.070704
2.011,-0.037490
2.012,-0.046456
2.013,-0.026777
2.014,0.038537
2.015,0.061447
2.016,0.068752
2.017,0.039602
2.018,0.027304
2.019,0.017408
2.020,0.020064
2.021,0.018941
2.022,0.037385
2.023,0.057014
2.024,0.080386
2.025,0.104165
2.026,0.108349
2.027,0.012163
2.028,-0.001514
2.029,-0.006669
2.030,0.053549
2.031,0.050418
2.032,0.023591
2.033,-0.069901
2.034,-0.127520
2.035,-0.127289
2.036,-0.103611
2.037,-0.045454
2.038,-0.056847
2.039,-0.053917
2.040,-0.060981
2.041,-0.063721
2.042,-0.032803
2.043,-0.043446
2.044,-0.032541
2.045,-0.015919
2.046,0.010308
2.047,0.011937
2.048,0.015749
2.049,0.025414
2.050,0.089302
2.051,0.102942
2.052,0.134583
2.053,0.111554
2.054,0.018695
2.055,-0.013962
2.056,-0.011011
2.057,0.016225
2.058,0.052755
2.059,0.021211
2.060,-0.036329
2.061,-0.029119
2.062,-0.020895
2.063,0.043545
2.064,0.074909
2.065,0.045735
2.066,-0.024953
2.067,-0.106002
2.068,-0.098087
2.069,-0.044186
2.070,0.022090
2.071,0.035909
2.072,0.009314
2.073,-0.012703
2.074,-0.051102
2.075,-0.097093
2.076,-0.093139
2.077,-0.077843
2.078,-0.062375
2.079,0.012294
2.080,0.083807
2.081,0.114087
2.082,0.092517
2.083,0.075768
2.084,0.038527
2.085,-0.003831
2.086,-0.025914
2.087,-0.020665
2.088,-0.024000
2.089,-0.044977
2.090,-0.093165
2.091,-0.096705
2.092,-0.056813
2.093,0.017316
2.094,0.040622
2.095,0.027784
2.096,-0.013533
2.097,-0.050500
2.098,-0.039689
2.099,0.037668
2.100,0.043077
2.101,0.018388
2.102,0.021499
2.103,0.034771
2.104,0.025054
2.105,0.031234
2.106,0.063958
2.107,0.036922
2.108,0.033792
2.109,0.043617
2.110,0.058320
2.111,0.076377
2.112,0.076427
2.113,0.030698
2.114,-0.016268
2.115,-0.062047
2.116,-0.071704
2.117,-0.067813
2.118,-0.054705
2.119,-0.035051
2.120,-0.030775
2.121,-0.034939
2.122,-0.035044
2.123,0.001195
2.124,0.024513
2.125,0.021856
2.126,0.005131
2.127,-0.074555
2.128,-0.079273
2.129,-0.049361
2.130,-0.026620
2.131,0.018466
2.132,-0.014813
2.133,-0.007360
2.134,-0.006243
2.135,0.030259
2.136,0.075722
2.137,0.111275
2.138,0.101812
2.139,0.069969
2.140,-0.008692
2.141,-0.058454
2.142,-0.035427
2.143,-0.048282
2.144,-0.028880
2.145,0.014970
2.146,0.051951
2.147,0.087280
2.148,0.045318
2.149,0.004554
2.150,-0.026248
2.151,-0.001960
2.152,0.028031
2.153,0.074553
2.154,0.107217
2.155,0.084922
2.156,0.022859
2.157,-0.056777
2.158,-0.087992
2.159,-0.124483
2.160,-0.112994
2.161,-0.091021
2.162,-0.028975
2.163,-0.002279
2.164,0.020906
2.165,0.031350
2.166,0.036233
2.167,-0.029880
2.168,-0.016719
2.169,-0.013736
2.170,-0.034108
2.171,-0.063100
2.172,-0.050663
2.173,-0.009066
2.174,0.081587
2.175,0.115841
2.176,0.101380
2.177,0.050504
2.178,0.009221
2.179,-0.019489
2.180,0.009568
2.181,-0.009882
2.182,-0.028060
2.183,-0.002661
2.184,0.007108
2.185,0.035963
2.186,0.018776
2.187,-0.022830
2.188,-0.036257
2.189,-0.082075
2.190,-0.081991
2.191,-0.080908
2.192,-0.048942
2.193,-0.003904
2.194,0.016451
2.195,-0.016071
2.196,-0.026339
2.197,-0.043226
2.198,-0.016150
2.199,0.054188
2.200,0.131079
2.201,0.146473
2.202,0.089343
2.203,0.017098
2.204,-0.005814
2.205,0.017396
2.206,0.075959
2.207,0.103456
2.208,0.060903
2.209,-0.016841
2.210,-0.036382
2.211,-0.027547
2.212,-0.012784
2.213,-0.030713
2.214,-0.119228
2.215,-0.156802
2.216,-0.157150
2.217,-0.109459
2.218,-0.047305
2.219,0.001624
2.220,0.056966
2.221,0.058152
2.222,0.054422
2.223,0.007823
2.224,-0.040813
2.225,-0.057644
2.226,-0.059837
2.227,-0.018699
2.228,0.055944
2.229,0.070555
2.230,0.061125
2.231,-0.012389
2.232,-0.062417
2.233,-0.014818
2.234,0.033755
2.235,0.125990
2.236,0.189408
2.237,0.182538
2.238,0.134129
2.239,0.095954
2.240,0.062031
2.241,-0.034003
2.242,-0.124455
2.243,-0.156090
2.244,-0.161255
2.245,-0.111844
2.246,-0.035936
2.247,0.032507
2.248,0.035860
2.249,-0.010342
2.250,-0.111209
2.251,-0.141470
2.252,-0.119843
2.253,-0.099450
2.254,0.014027
2.255,0.041175
2.256,0.069530
2.257,0.035884
2.258,0.002826
2.259,-0.014264
2.260,-0.012818
2.261,0.059078
2.262,0.089854
2.263,0.052569
2.264,0.002853
2.265,-0.024084
2.266,0.001580
2.267,0.063097
2.268,0.106906
2.269,0.128758
2.270,0.073400
2.271,-0.048588
2.272,-0.112813
2.273,-0.129190
2.274,-0.087881
2.275,-0.046833
2.276,0.023072
2.277,0.049137
2.278,-0.028550
2.279,-0.080059
2.280,-0.033573
2.281,-0.017236
2.282,0.008655
2.283,-0.023549
2.284,-0.051994
2.285,-0.051090
2.286,0.001078
2.287,0.090545
2.288,0.129463
2.289,0.110377
2.290,0.100659
2.291,0.051902
2.292,0.004586
2.293,-0.035551
2.294,-0.013617
2.295,-0.003531
2.296,0.032425
2.297,0.011034
2.298,0.028090
2.299,0.027237
2.300,0.000744
2.301,-0.031132
2.302,-0.056778
2.303,-0.002974
2.304,0.032698
2.305,0.010041
2.306,-0.018725
2.307,-0.105709
2.308,-0.103521
2.309,-0.055070
2.310,0.051241
2.311,0.115215
2.312,0.124629
2.313,0.043493
2.314,-0.023877
2.315,-0.059916
2.316,-0.067225
2.317,-0.067393
2.318,-0.097356
2.319,-0.199737
2.320,-0.211841
2.321,-0.115360
2.322,0.052287
2.323,0.196005
2.324,0.219562
2.325,0.179122
2.326,0.006161
2.327,-0.053033
2.328,-0.069514
2.329,0.025505
2.330,0.096622
2.331,0.127387
2.332,0.134167
2.333,0.111180
2.334,0.111541
2.335,0.121776
2.336,0.103124
2.337,-0.032957
2.338,-0.146483
2.339,-0.192483
2.340,-0.133204
2.341,-0.056717
2.342,-0.014690
2.343,0.001476
2.344,-0.037153
2.345,-0.091716
2.346,-0.053834
2.347,0.022173
2.348,0.130720
2.349,0.142388
2.350,0.078907
2.351,-0.026003
2.352,-0.108890
2.353,-0.111431
2.354,-0.085680
2.355,-0.059155
2.356,-0.025496
2.357,-0.041546
2.358,-0.047915
2.359,-0.042343
2.360,-0.017236
2.361,-0.002504
2.362,0.053215
2.363,0.084725
2.364,0.092401
2.365,0.053021
2.366,0.060828
2.367,0.109377
2.368,0.180919
2.369,0.221721
2.370,0.134837
2.371,0.034672
2.372,-0.052108
2.373,-0.064441
2.374,-0.092933
2.375,-0.141586
2.376,-0.152720
2.377,-0.193693
2.378,-0.156178
2.379,-0.090049
2.380,-0.032354
2.381,0.009633
2.382,0.000483
2.383,0.049694
2.384,0.114968
2.385,0.126101
2.386,0.084101
2.387,0.033210
2.388,-0.041348
2.389,-0.092599
2.390,-0.103932
2.391,-0.041869
2.392,-0.052677
2.393,-0.024100
2.394,-0.022503
2.395,0.013979
2.396,0.069357
2.397,0.098821
2.398,0.089017
2.399,0.078751
2.400,0.039036
2.401,0.050655
2.402,0.077046
2.403,0.120335
2.404,0.126905
2.405,0.027364
2.406,-0.102569
2.407,-0.217559
2.408,-0.222456
2.409,-0.078992
2.410,0.039294
2.411,0.108642
2.412,0.017803
2.413,-0.067832
2.414,-0.100720
2.415,-0.109134
2.416,-0.112007
2.417,-0.089156
2.418,-0.063841
2.419,-0.078656
2.420,-0.023900
2.421,0.055834
2.422,0.108822
2.423,0.063795
2.424,0.017623
2.425,-0.012233
2.426,-0.010109
2.427,-0.025715
2.428,0.014949
2.429,0.094125
2.430,0.130873
2.431,0.215374
2.432,0.162152
2.433,0.056399
2.434,-0.083402
2.435,-0.149376
2.436,-0.103933
2.437,-0.000573
2.438,0.061149
2.439,0.037381
2.440,-0.009919
2.441,-0.055135
2.442,-0.100014
2.443,-0.064560
2.444,0.001145
2.445,0.122919
2.446,0.174219
2.447,0.184156
2.448,0.106449
2.449,-0.047113
2.450,-0.194083
2.451,-0.236594
2.452,-0.180259
2.453,-0.102908
2.454,-0.004026
2.455,0.054664
2.456,0.055894
2.457,-0.016876
2.458,-0.077023
2.459,-0.073405
2.460,-0.018958
2.461,0.023830
2.462,0.042381
2.463,0.000279
2.464,-0.024034
2.465,-0.023945
2.466,0.019151
2.467,0.096919
2.468,0.125700
2.469,0.103672
2.470,0.036557
2.471,-0.023857
2.472,-0.018087
2.473,0.044954
2.474,0.084813
2.475,0.073085
2.476,-0.059544
2.477,-0.136251
2.478,-0.132078
2.479,-0.045909
2.480,0.073758
2.481,0.029984
2.482,-0.060899
2.483,-0.144383
2.484,-0.106103
2.485,0.031347
2.486,0.162570
2.487,0.204592
2.488,0.147894
2.489,0.028365
2.490,-0.054967
2.491,-0.135782
2.492,-0.136530
2.493,-0.111824
2.494,0.008375
2.495,0.124209
2.496,0.139112
2.497,0.074614
2.498,0.006605
2.499,-0.049027
2.500,-0.081728
2.501,-0.051519
2.502,0.020462
2.503,0.055079
2.504,0.043858
2.505,-0.031275
2.506,-0.091414
2.507,-0.115486
2.508,-0.058859
2.509,-0.006948
2.510,0.028236
2.511,0.060649
2.512,0.040512
2.513,0.065378
2.514,0.096172
2.515,0.120724
2.516,0.115856
2.517,0.053320
2.518,-0.080024
2.519,-0.202298
2.520,-0.185732
2.521,-0.070683
2.522,0.016891
2.523,0.052942
2.524,0.081110
2.525,0.029189
2.526,0.020270
2.527,0.062581
2.528,0.120024
2.529,0.074076
2.530,-0.000806
2.531,-0.102270
2.532,-0.116665
2.533,-0.024851
2.534,0.107241
2.535,0.206100
2.536,0.158205
2.537,0.035238
2.538,-0.063829
2.539,-0.133971
2.540,-0.141793
2.541,-0.121128
2.542,-0.111135
2.543,-0.078405
2.544,-0.052407
2.545,-0.009140
2.546,0.031250
2.547,0.072333
2.548,0.022040
2.549,0.042163
2.550,0.017790
2.551,0.045151
2.552,0.048518
2.553,0.028445
2.554,0.051317
2.555,0.035863
2.556,0.014810
2.557,0.052225
2.558,0.055938
2.559,0.042948
2.560,0.006489
2.561,-0.027886
2.562,-0.051008
2.563,-0.086874
2.564,-0.113434
2.565,-0.112071
2.566,-0.027836
2.567,0.043844
2.568,0.029115
2.569,0.005997
2.570,-0.032570
2.571,-0.065439
2.572,-0.018665
2.573,0.007936
2.574,0.014155
2.575,0.002268
2.576,-0.019727
2.577,0.005790
2.578,0.084607
2.579,0.127622
2.580,0.100692
2.581,0.084921
2.582,0.021947
2.583,-0.001222
2.584,-0.000727
2.585,0.009052
2.586,-0.012826
2.587,-0.011469
2.588,-0.017905
2.589,0.019677
2.590,0.039984
2.591,0.087831
2.592,0.041824
2.593,-0.006795
2.594,-0.086858
2.595,-0.106103
2.596,-0.074419
2.597,-0.050080
2.598,-0.035694
2.599,0.020693
2.600,-0.002686
2.601,0.007828
2.602,-0.013029
2.603,-0.001373
2.604,0.017129
2.605,-0.008908
2.606,-0.011972
2.607,0.004902
2.608,0.033555
2.609,0.022851
2.610,0.020633
2.611,0.029710
2.612,-0.030955
2.613,-0.075197
2.614,-0.108424
2.615,-0.058700
2.616,0.018753
2.617,0.091727
2.618,0.094532
2.619,0.106410
2.620,0.039799
2.621,0.003849
2.622,0.011180
2.623,-0.010392
2.624,-0.026382
2.625,-0.038931
2.626,-0.039147
2.627,-0.037875
2.628,-0.044378
2.629,-0.017582
2.630,-0.027157
2.631,-0.070684
2.632,-0.068489
2.633,-0.024909
2.634,0.068176
2.635,0.136039
2.636,0.133150
2.637,0.101192
2.638,0.064585
2.639,0.018572
2.640,0.018170
2.641,-0.003493
2.642,-0.029079
2.643,-0.028798
2.644,0.028717
2.645,0.054890
2.646,0.100774
2.647,0.036790
2.648,-0.060558
2.649,-0.157276
2.650,-0.249838
2.651,-0.197438
2.652,-0.029677
2.653,0.043673
2.654,0.059674
2.655,-0.009666
2.656,-0.055989
2.657,-0.069100
2.658,-0.010972
2.659,0.042652
2.660,0.030553
2.661,0.002796
2.662,-0.027412
2.663,-0.048755
2.664,-0.019100
2.665,0.011255
2.666,0.026425
2.667,0.059440
2.668,0.113690
2.669,0.159962
2.670,0.198656
2.671,0.178176
2.672,0.084100
2.673,0.014444
2.674,-0.054565
2.675,-0.076814
2.676,-0.070139
2.677,-0.077915
2.678,-0.084543
2.679,-0.018750
2.680,0.027128
2.681,0.005307
2.682,-0.040591
2.683,-0.139348
2.684,-0.178597
2.685,-0.106181
2.686,-0.027695
2.687,0.066774
2.688,0.087064
2.689,-0.011254
2.690,-0.067329
2.691,-0.075775
2.692,-0.011453
2.693,0.063057
2.694,0.133287
2.695,0.126145
2.696,0.093685
2.697,0.074194
2.698,0.074800
2.699,0.034195
2.700,-0.019453
2.701,-0.136279
2.702,-0.153591
2.703,-0.092386
2.704,0.014815
2.705,0.094828
2.706,0.080374
2.707,-0.062853
2.708,-0.109190
2.709,-0.093156
2.710,0.016180
2.711,0.115096
2.712,0.091192
2.713,-0.014070
2.714,-0.064613
2.715,-0.027855
2.716,0.055732
2.717,0.086026
2.718,0.035093
2.719,-0.084148
2.720,-0.119374
2.721,-0.099944
2.722,-0.107990
2.723,-0.050952
2.724,-0.003990
2.725,0.080468
2.726,0.143947
2.727,0.161312
2.728,0.120785
2.729,-0.016332
2.730,-0.093918
2.731,-0.117166
2.732,-0.045097
2.733,-0.006529
2.734,0.053934
2.735,0.069673
2.736,0.053833
2.737,0.051461
2.738,0.091030
2.739,0.090486
2.740,0.045237
2.741,-0.003894
2.742,-0.107750
2.743,-0.160568
2.744,-0.082569
2.745,0.021038
2.746,0.097176
2.747,0.071129
2.748,-0.003205
2.749,-0.073691
2.750,-0.113930
2.751,-0.112400
2.752,-0.089129
2.753,-0.015209
2.754,0.056425
2.755,0.074956
2.756,0.098523
2.757,0.037915
2.758,-0.050748
2.759,-0.129733
2.760,-0.167337
2.761,-0.117972
2.762,0.008163
2.763,0.128507
2.764,0.141425
2.765,0.081476
2.766,-0.026554
2.767,-0.037715
2.768,-0.029162
2.769,0.028326
2.770,0.067259
2.771,0.053320
2.772,0.013203
2.773,-0.000436
2.774,0.007867
2.775,0.063168
2.776,0.041721
2.777,0.017652
2.778,0.018899
2.779,-0.000071
2.780,0.021801
2.781,-0.032637
2.782,-0.049012
2.783,-0.035800
2.784,0.014639
2.785,0.088952
2.786,0.127737
2.787,0.094974
2.788,-0.000825
2.789,-0.096537
2.790,-0.123459
2.791,-0.118788
2.792,-0.052569
2.793,0.014413
2.794,0.037304
2.795,-0.016053
2.796,-0.058412
2.797,-0.049546
2.798,0.037212
2.799,0.106230
2.800,0.141385
2.801,0.107566
2.802,0.006229
2.803,-0.104322
2.804,-0.126809
2.805,-0.070718
2.806,0.023858
2.807,0.040114
2.808,0.084581
2.809,0.042010
2.810,0.009347
2.811,-0.025056
2.812,-0.057964
2.813,-0.101831
2.814,-0.148305
2.815,-0.185221
2.816,-0.166995
2.817,-0.052575
2.818,0.048964
2.819,0.118443
2.820,0.107451
2.821,0.108672
2.822,0.073554
2.823,0.009371
2.824,-0.013840
2.825,-0.033877
2.826,-0.009634
2.827,0.011352
2.828,0.013028
2.829,0.133941
2.830,0.168009
2.831,0.224625
2.832,0.180872
2.833,0.043161
2.834,-0.066187
2.835,-0.138162
2.836,-0.097224
2.837,-0.014754
2.838,0.041266
2.839,-0.030632
2.840,-0.159533
2.841,-0.231552
2.842,-0.200918
2.843,-0.050442
2.844,0.089962
2.845,0.140539
2.846,0.074269
2.847,-0.042508
2.848,-0.066183
2.849,0.019458
2.850,0.143516
2.851,0.229672
2.852,0.161422
2.853,-0.000531
2.854,-0.125791
2.855,-0.099232
2.856,-0.032851
2.857,0.060038
2.858,0.078060
2.859,0.015967
2.860,-0.081194
2.861,-0.121046
2.862,-0.147902
2.863,-0.070803
2.864,-0.083103
2.865,-0.059691
2.866,-0.015034
2.867,0.036902
2.868,0.072387
2.869,0.115099
2.870,0.077140
2.871,0.041185
2.872,-0.014780
2.873,-0.037601
2.874,0.014537
2.875,0.020889
2.876,0.037101
2.877,0.018075
2.878,-0.017185
2.879,-0.000033
2.880,0.046605
2.881,0.116135
2.882,0.136022
2.883,0.083789
2.884,-0.048113
2.885,-0.158608
2.886,-0.201771
2.887,-0.168163
2.888,-0.093861
2.889,-0.028671
2.890,-0.013752
2.891,-0.001913
2.892,-0.002895
2.893,0.004346
2.894,0.001644
2.895,-0.029812
2.896,-0.015449
2.897,0.011573
2.898,0.078248
2.899,0.164558
2.900,0.157624
2.901,0.101822
2.902,0.074662
2.903,0.035385
2.904,0.053994
2.905,0.064092
2.906,0.019740
2.907,-0.098244
2.908,-0.186083
2.909,-0.145995
2.910,-0.072099
2.911,0.022214
2.912,-0.015056
2.913,-0.115353
2.914,-0.143607
2.915,-0.111759
2.916,-0.024012
2.917,0.113306
2.918,0.196411
2.919,0.264940
2.920,0.195544
2.921,0.087364
2.922,-0.059336
2.923,-0.133667
2.924,-0.151970
2.925,-0.108611
2.926,-0.073762
2.927,-0.049031
2.928,-0.047196
2.929,-0.025473
2.930,-0.029976
2.931,-0.005431
2.932,0.014988
2.933,0.029372
2.934,0.006029
2.935,-0.031510
2.936,-0.021372
2.937,0.041414
2.938,0.058438
2.939,0.086416
2.940,0.129118
2.941,0.116657
2.942,0.068809
2.943,0.012832
2.944,-0.032851
2.945,-0.045433
2.946,-0.013180
2.947,-0.001168
2.948,0.022112
2.949,0.046999
2.950,0.047170
2.951,0.088062
2.952,0.046346
2.953,-0.060465
2.954,-0.132571
2.955,-0.125211
2.956,-0.039190
2.957,0.018438
2.958,-0.002073
2.959,-0.074392
2.960,-0.182575
2.961,-0.137441
2.962,-0.029956
2.963,0.039161
2.964,0.047051
2.965,-0.029510
2.966,-0.032721
2.967,-0.038104
2.968,0.049626
2.969,0.061725
2.970,0.067259
2.971,0.027484
2.972,0.023911
2.973,0.049482
2.974,0.099050
2.975,0.116409
2.976,0.082526
2.977,0.050571
2.978,0.004871
2.979,0.006858
2.980,-0.048188
2.981,-0.045453
2.982,-0.066166
2.983,-0.040213
2.984,-0.028924
2.985,-0.000364
2.986,-0.002265
2.987,-0.014702
2.988,-0.048713
2.989,-0.016116
2.990,0.020815
2.991,0.065387
2.992,0.033930
2.993,0.023259
2.994,-0.035747
2.995,-0.027957
2.996,-0.009874
2.997,0.041847
2.998,0.029170
2.999,0.046747
3.000,0.123230
3.001,0.156783
3.002,0.149560
3.003,0.022979
3.004,-0.058055
3.005,-0.116206
3.006,-0.137526
3.007,-0.078995
3.008,-0.079479
3.009,-0.070710
3.010,-0.069439
3.011,-0.125247
3.012,-0.138207
3.013,-0.109996
3.014,-0.031247
3.015,0.047243
3.016,0.128584
3.017,0.177937
3.018,0.141679
3.019,0.053248
3.020,0.001822
3.021,-0.014165
3.022,-0.057373
3.023,-0.071443
3.024,-0.024514
3.025,0.044482
3.026,0.107640
3.027,0.089964
3.028,0.060556
3.029,0.035143
3.030,0.026123
3.031,0.063275
3.032,0.065584
3.033,0.060977
3.034,-0.006097
3.035,-0.096404
3.036,-0.129484
3.037,-0.083305
3.038,-0.002109
3.039,0.073076
3.040,0.092768
3.041,0.028516
3.042,-0.045211
3.043,-0.099343
3.044,-0.140366
3.045,-0.178994
3.046,-0.158760
3.047,-0.090391
3.048,0.017978
3.049,0.113170
3.050,0.142369
3.051,0.095855
3.052,0.036775
3.053,-0.019563
3.054,-0.063981
3.055,-0.056732
3.056,0.021426
3.057,0.097599
3.058,0.115658
3.059,0.067429
3.060,0.011538
3.061,-0.028425
3.062,0.025923
3.063,0.026348
3.064,-0.002331
3.065,-0.061941
3.066,-0.098060
3.067,-0.062042
3.068,0.045187
3.069,0.079371
3.070,0.096339
3.071,0.025951
3.072,-0.058334
3.073,-0.053884
3.074,-0.037704
3.075,-0.038133
3.076,0.008303
3.077,0.032089
3.078,0.065385
3.079,0.073399
3.080,-0.012211
3.081,-0.097875
3.082,-0.124741
3.083,-0.120585
3.084,-0.066227
3.085,0.000905
3.086,-0.006812
3.087,-0.020161
3.088,-0.004481
3.089,0.070598
3.090,0.175991
3.091,0.207029
3.092,0.168577
3.093,0.003756
3.094,-0.103607
3.095,-0.192232
3.096,-0.114778
3.097,-0.032453
3.098,0.099666
3.099,0.126257
3.100,0.082732
3.101,0.027999
3.102,-0.005504
3.103,-0.013275
3.104,-0.009289
3.105,0.007438
3.106,0.004248
3.107,-0.040382
3.108,-0.090732
3.109,-0.085173
3.110,-0.041177
3.111,0.006731
3.112,0.032878
3.113,0.030531
3.114,0.021662
3.115,0.006576
3.116,-0.047189
3.117,-0.066776
3.118,-0.057605
3.119,-0.005879
3.120,0.064834
3.121,0.065779
3.122,0.026744
3.123,-0.022126
3.124,-0.026505
3.125,0.032369
3.126,0.096916
3.127,0.132108
3.128,0.074703
3.129,-0.007968
3.130,-0.096013
3.131,-0.151392
3.132,-0.120594
3.133,-0.074532
3.134,-0.028619
3.135,-0.020375
3.136,0.009302
3.137,0.022470
3.138,0.056920
3.139,0.122690
3.140,0.124884
3.141,0.152832
3.142,0.064111
3.143,0.000163
3.144,-0.065428
3.145,-0.072629
3.146,-0.036496
3.147,0.004634
3.148,0.063092
3.149,0.042119
3.150,0.015744
3.151,-0.014798
3.152,0.011394
3.153,0.018814
3.154,-0.005248
3.155,-0.062070
3.156,-0.073507
3.157,-0.117662
3.158,-0.094545
3.159,-0.036521
3.160,0.002349
3.161,0.032268
3.162,0.077411
3.163,0.147881
3.164,0.177323
3.165,0.156878
3.166,0.033427
3.167,-0.086910
3.168,-0.160590
3.169,-0.159368
3.170,-0.079492
3.171,-0.023938
3.172,0.014187
3.173,-0.004515
3.174,-0.037486
3.175,-0.106876
3.176,-0.067227
3.177,-0.012353
3.178,0.066158
3.179,0.088288
3.180,0.036148
3.181,-0.024203
3.182,-0.038936
3.183,-0.009871
3.184,0.015694
3.185,-0.000115
3.186,-0.001815
3.187,-0.000109
3.188,0.027441
3.189,0.062027
3.190,0.106649
3.191,0.129419
3.192,0.118124
3.193,0.056928
3.194,0.016682
3.195,-0.020645
3.196,-0.090519
3.197,-0.097106
3.198,-0.077499
3.199,-0.079259
3.200,-0.067814
3.201,-0.029675
3.202,-0.014406
3.203,0.038853
3.204,0.037844
3.205,-0.006322
3.206,-0.041313
3.207,-0.049074
3.208,0.007692
3.209,0.056856
3.210,0.099632
3.211,0.075050
3.212,0.014796
3.213,-0.083729
3.214,-0.106220
3.215,-0.106189
3.216,-0.072345
3.217,0.024020
3.218,0.060060
3.219,0.004611
3.220,-0.051060
3.221,-0.069281
3.222,-0.003552
3.223,0.108806
3.224,0.178281
3.225,0.101763
3.226,-0.025535
3.227,-0.100853
3.228,-0.085946
3.229,-0.033777
3.230,0.057898
3.231,0.108721
3.232,0.044372
3.233,0.006999
3.234,-0.049544
3.235,-0.026936
3.236,0.027698
3.237,0.057165
3.238,0.032606
3.239,-0.064991
3.240,-0.084283
3.241,-0.069476
3.242,0.041782
3.243,0.110546
3.244,0.095521
3.245,0.022105
3.246,-0.039115
3.247,-0.033194
3.248,0.025906
3.249,0.016969
3.250,-0.006751
3.251,-0.044784
3.252,-0.040828
3.253,0.033447
3.254,0.045636
3.255,0.043936
3.256,-0.003475
3.257,-0.014301
3.258,-0.076215
3.259,-0.094909
3.260,-0.103506
3.261,-0.109493
3.262,-0.056273
3.263,0.012515
3.264,0.031640
3.265,0.047357
3.266,-0.035032
3.267,-0.068650
3.268,-0.103459
3.269,-0.062324
3.270,0.081330
3.271,0.198597
3.272,0.263688
3.273,0.202204
3.274,0.029249
3.275,-0.114412
3.276,-0.144924
3.277,-0.122682
3.278,-0.006416
3.279,0.044534
3.280,0.033710
3.281,-0.043538
3.282,-0.079526
3.283,-0.013265
3.284,0.020797
3.285,0.056241
3.286,-0.009300
3.287,-0.023543
3.288,-0.043153
3.289,-0.004810
3.290,0.063156
3.291,0.098953
3.292,0.077593
3.293,0.051216
3.294,-0.006525
3.295,-0.029308
3.296,-0.056472
3.297,-0.067108
3.298,-0.046452
3.299,0.012347
3.300,0.070524
3.301,0.109566
3.302,0.068492
3.303,0.010856
3.304,-0.012086
3.305,-0.052606
3.306,-0.031823
3.307,-0.011388
3.308,-0.039953
3.309,-0.053325
3.310,-0.055022
3.311,-0.013727
3.312,0.006411
3.313,0.009470
3.314,-0.016339
3.315,-0.061777
3.316,-0.075819
3.317,-0.021854
3.318,0.084797
3.319,0.116075
3.320,0.032221
3.321,-0.059263
3.322,-0.126333
3.323,-0.106831
3.324,-0.034947
3.325,0.015175
3.326,0.015137
3.327,-0.044647
3.328,-0.098085
3.329,-0.068565
3.330,0.042538
3.331,0.184280
3.332,0.259448
3.333,0.276155
3.334,0.189191
3.335,0.057843
3.336,-0.035498
3.337,-0.041953
3.338,-0.002944
3.339,0.060927
3.340,0.084404
3.341,0.021086
3.342,-0.073645
3.343,-0.137998
3.344,-0.137356
3.345,-0.060339
3.346,-0.026862
3.347,-0.055457
3.348,-0.087997
3.349,-0.090062
3.350,-0.004132
3.351,0.066232
3.352,0.049320
3.353,-0.086488
3.354,-0.200478
3.355,-0.237262
3.356,-0.083338
3.357,0.089015
3.358,0.168397
3.359,0.142067
3.360,0.044623
3.361,-0.036572
3.362,0.004429
3.363,0.024971
3.364,0.051095
3.365,0.006837
3.366,-0.008494
3.367,-0.030999
3.368,-0.029255
3.369,-0.027877
3.370,-0.015771
3.371,0.003941
3.372,0.044640
3.373,0.068527
3.374,0.041944
3.375,-0.025962
3.376,-0.053261
3.377,-0.059954
3.378,-0.033443
3.379,0.004224
3.380,0.016580
3.381,0.007936
3.382,0.012539
3.383,-0.028555
3.384,-0.018108
3.385,0.015883
3.386,0.058757
3.387,0.095059
3.388,0.086491
3.389,0.054943
3.390,-0.020949
3.391,-0.083890
3.392,-0.088696
3.393,-0.074360
3.394,-0.030306
3.395,-0.019608
3.396,-0.041550
3.397,-0.037868
3.398,-0.049847
3.399,-0.016216
3.400,0.013370
3.401,0.033937
3.402,0.027838
3.403,0.055619
3.404,0.016514
3.405,-0.007280
3.406,-0.014407
3.407,-0.011046
3.408,-0.001372
3.409,0.026067
3.410,0.009738
3.411,-0.015283
3.412,-0.031186
3.413,-0.059317
3.414,-0.056113
3.415,-0.008195
3.416,0.023409
3.417,0.044485
3.418,0.024177
3.419,0.016273
3.420,-0.012596
3.421,-0.010965
3.422,0.017293
3.423,-0.000038
3.424,0.036543
3.425,-0.005156
3.426,0.000860
3.427,0.031128
3.428,0.074902
3.429,0.058237
3.430,-0.010881
3.431,-0.024642
3.432,-0.069085
3.433,-0.048045
3.434,-0.029405
3.435,0.014966
3.436,-0.005586
3.437,-0.022143
3.438,-0.047307
3.439,-0.018270
3.440,0.008181
3.441,0.018728
3.442,0.043210
3.443,0.045487
3.444,0.058152
3.445,0.031018
3.446,0.021948
3.447,0.037998
3.448,0.025512
3.449,0.032741
3.450,-0.000866
3.451,-0.000642
3.452,-0.004854
3.453,-0.015484
3.454,0.012989
3.455,-0.000928
3.456,0.007573
3.457,-0.022530
3.458,-0.026991
3.459,-0.019657
3.460,-0.027945
3.461,-0.043449
3.462,-0.032339
3.463,-0.016605
3.464,0.016920
3.465,0.029957
3.466,0.003666
3.467,-0.047711
3.468,-0.003011
3.469,0.008727
3.470,-0.003289
3.471,0.020558
3.472,0.034305
3.473,0.014786
3.474,-0.021906
3.475,-0.003918
3.476,-0.031075
3.477,-0.002199
3.478,0.009731
3.479,-0.015600
3.480,-0.028502
3.481,-0.003872
3.482,0.018327
3.483,0.046020
3.484,0.052576
3.485,0.043649
3.486,0.005084
3.487,-0.040510
3.488,-0.060790
3.489,-0.044723
3.490,-0.010967
3.491,0.028352
3.492,0.037269
3.493,0.015945
3.494,0.007000
3.495,-0.003285
3.496,0.044129
3.497,0.079788
3.498,0.073397
3.499,0.063039
3.500,0.017218
3.501,0.002603
3.502,-0.025321
3.503,-0.050297
3.504,-0.024803
3.505,0.005701
3.506,-0.008742
3.507,-0.002135
3.508,-0.007378
3.509,-0.031515
3.510,-0.010576
3.511,-0.023330
3.512,-0.004926
3.513,0.012331
3.514,-0.013390
3.515,-0.038795
3.516,-0.030743
3.517,-0.019261
3.518,0.001812
3.519,0.015476
3.520,-0.010276
3.521,-0.011512
3.522,-0.015047
3.523,-0.018405
3.524,0.003950
3.525,0.042951
3.526,0.030654
3.527,0.006811
3.528,-0.000813
3.529,0.012967
3.530,0.031566
3.531,0.006868
3.532,0.014711
3.533,-0.010686
3.534,-0.017218
3.535,-0.032201
3.536,0.013823
3.537,0.015172
3.538,0.030471
3.539,-0.004511
3.540,-0.009874
3.541,-0.013786
3.542,-0.013385
3.543,0.002077
3.544,-0.003639
3.545,-0.010069
3.546,0.019131
3.547,0.020616
3.548,0.005918
3.549,0.020438
3.550,-0.003755
3.551,-0.016389
3.552,0.009421
3.553,-0.020383
3.554,0.011854
3.555,-0.006218
3.556,-0.010562
3.557,-0.003757
3.558,0.003797
3.559,-0.004012
3.560,0.021607
3.561,0.014580
3.562,-0.008554
3.563,-0.003854
3.564,0.010884
3.565,0.016420
3.566,0.008859
3.567,-0.012670
3.568,0.005547
3.569,0.007062
3.570,0.003643
3.571,0.002557
3.572,-0.005498
3.573,-0.014288
3.574,-0.022201
3.575,-0.034405
3.576,0.000749
3.577,0.008861
3.578,0.019418
3.579,-0.004578
3.580,0.012276
3.581,0.022158
3.582,-0.003625
3.583,-0.001448
3.584,0.009501
3.585,0.034574
3.586,-0.002595
3.587,0.007529
3.588,-0.010005
3.589,-0.010385
3.590,-0.004895
3.591,0.013046
3.592,0.019515
3.593,0.003354
3.594,-0.007008
3.595,0.027153
3.596,-0.007687
3.597,-0.008897
3.598,-0.022728
3.599,0.015993
3.600,0.011619
3.601,0.029941
3.602,-0.014911
3.603,0.019925
3.604,0.003695
3.605,0.012673
3.606,-0.016920
3.607,0.020044
3.608,0.011202
3.609,0.000460
3.610,0.007741
3.611,-0.010113
3.612,-0.008717
3.613,-0.007988
3.614,-0.025086
3.615,0.007341
3.616,0.011446
3.617,-0.010843
3.618,0.002415
3.619,-0.004114
3.620,0.003939
3.621,-0.006604
3.622,-0.008838
3.623,0.015052
3.624,0.002087
3.625,0.027265
3.626,0.003409
3.627,-0.008686
3.628,0.016487
3.629,0.008497
3.630,0.008722
3.631,0.013360
3.632,-0.009597
3.633,-0.003954
3.634,-0.004911
3.635,-0.018489
3.636,-0.006016
3.637,0.013610
3.638,0.001085
3.639,-0.017080
3.640,-0.018670
3.641,0.020904
3.642,0.000680
3.643,-0.005342
3.644,-0.000435
3.645,-0.014728
3.646,0.019930
3.647,-0.002290
3.648,0.018172
3.649,0.001547
3.650,0.017154
3.651,0.002153
3.652,0.008475
3.653,0.006202
3.654,0.004626
3.655,0.001175
3.656,-0.005647
3.657,0.020558
3.658,-0.012647
3.659,-0.000875
3.660,0.000179
3.661,0.005756
3.662,-0.003390
3.663,0.006204
3.664,0.000827
3.665,-0.015983
3.666,0.002968
3.667,-0.010780
3.668,-0.019049
3.669,0.002570
3.670,0.005855
3.671,0.005393
3.672,0.005043
3.673,-0.025618
3.674,-0.019185
3.675,0.020682
3.676,-0.015420
3.677,0.004903
3.678,-0.010007
3.679,0.000029
3.680,-0.007599
3.681,0.007666
3.682,0.003405
3.683,-0.002952
3.684,-0.009749
3.685,0.006213
3.686,-0.011699
3.687,0.007557
3.688,0.033281
3.689,0.017129
3.690,0.008620
3.691,-0.001954
3.692,-0.025028
3.693,-0.018294
3.694,0.012540
3.695,-0.012477
3.696,-0.011244
3.697,-0.004415
3.698,-0.014508
3.699,-0.015648
3.700,-0.000606
3.701,-0.009771
3.702,-0.007129
3.703,-0.006947
3.704,0.009121
3.705,0.000214
3.706,0.000710
3.707,0.009590
3.708,0.000059
3.709,-0.002412
3.710,0.005645
3.711,0.007091
3.712,-0.003528
3.713,-0.001460
3.714,-0.012235
3.715,-0.013328
3.716,0.006377
3.717,0.002912
3.718,0.003700
3.719,0.002443
3.720,0.000554
3.721,0.009284
3.722,0.012985
3.723,0.013362
3.724,0.001644
3.725,0.019644
3.726,0.005595
3.727,0.010016
3.728,0.005148
3.729,0.003891
3.730,-0.008829
3.731,0.007489
3.732,0.032380
3.733,-0.006925
3.734,-0.002001
3.735,-0.008354
3.736,-0.008709
3.737,0.016106
3.738,-0.009839
3.739,-0.006616
3.740,-0.019050
3.741,-0.008164
3.742,-0.018737
3.743,0.010009
3.744,0.036450
3.745,-0.001400
3.746,-0.017148
3.747,0.013227
3.748,-0.006960
3.749,0.016519
3.750,-0.003384
3.751,-0.008509
3.752,-0.003899
3.753,0.006666
3.754,-0.005582
3.755,-0.008961
3.756,-0.005239
3.757,-0.017689
3.758,0.003001
3.759,-0.022368
3.760,-0.005329
3.761,0.010040
3.762,0.005400
3.763,0.009511
3.764,0.002073
3.765,0.017037
3.766,0.013950
3.767,0.007781
3.768,0.012894
3.769,0.009932
3.770,-0.005274
3.771,-0.017054
3.772,0.003281
3.773,0.004126
3.774,0.010232
3.775,-0.014236
3.776,-0.013730
3.777,0.003092
3.778,-0.002617
3.779,-0.023556
3.780,0.004501
3.781,-0.021302
3.782,-0.009580
3.783,0.018647
3.784,0.024752
3.785,-0.011588
3.786,-0.001100
3.787,0.002939
3.788,0.023138
3.789,-0.004987
3.790,-0.005723
3.791,0.017658
3.792,-0.006261
3.793,0.006239
3.794,-0.020579
3.795,-0.005055
3.796,-0.022768
3.797,-0.015092
3.798,0.008307
3.799,-0.001526
3.800,-0.003829
3.801,-0.008058
3.802,-0.000885
3.803,0.006040
3.804,0.014648
3.805,-0.028502
3.806,-0.007128
3.807,0.004336
3.808,0.000577
3.809,0.005768
3.810,0.003210
3.811,-0.004585
3.812,-0.008086
3.813,-0.005373
3.814,0.010932
3.815,-0.011784
3.816,-0.003607
3.817,-0.000227
3.818,0.016961
3.819,-0.004531
3.820,0.011506
3.821,0.015711
3.822,0.000998
3.823,-0.000102
3.824,-0.001095
3.825,-0.000070
3.826,0.013104
3.827,0.005199
3.828,0.004587
3.829,-0.012576
3.830,-0.011610
3.831,0.024794
3.832,-0.003897
3.833,-0.011724
3.834,0.014320
3.835,0.000382
3.836,0.004085
3.837,-0.004084
3.838,-0.005587
3.839,-0.002962
3.840,-0.016593
3.841,-0.000128
3.842,0.005316
3.843,0.024633
3.844,0.003885
3.845,-0.025010
3.846,0.001725
3.847,0.035301
3.848,0.012160
3.849,-0.008804
3.850,0.007093
3.851,-0.009831
3.852,-0.018009
3.853,-0.006607
3.854,-0.001755
3.855,-0.025466
3.856,-0.016643
3.857,-0.002303
3.858,-0.006661
3.859,0.003811
3.860,-0.014576
3.861,0.009496
3.862,-0.012442
3.863,0.022140
3.864,-0.017736
3.865,-0.010111
3.866,0.007862
3.867,0.022398
3.868,0.005544
3.869,0.007681
3.870,0.000210
3.871,-0.013244
3.872,-0.007645
3.873,-0.016970
3.874,-0.018198
3.875,0.001821
3.876,-0.016331
3.877,0.001408
3.878,-0.017385
3.879,0.002630
3.880,-0.005864
3.881,0.017806
3.882,0.005648
3.883,0.017256
3.884,-0.006215
3.885,0.003674
3.886,-0.008920
3.887,-0.002536
3.888,-0.001382
3.889,-0.007783
3.890,-0.014586
3.891,-0.017889
3.892,-0.029840
3.893,-0.015103
3.894,0.004677
3.895,-0.022182
3.896,-0.019271
3.897,0.019064
3.898,-0.009401
3.899,0.002926
3.900,0.007708
3.901,0.008877
3.902,-0.016504
3.903,-0.000346
3.904,-0.016566
3.905,0.032356
3.906,-0.016285
3.907,-0.010147
3.908,-0.010724
3.909,-0.017033
3.910,0.016231
3.911,0.028142
3.912,-0.007472
3.913,-0.018272
3.914,-0.029696
3.915,-0.005929
3.916,-0.006650
3.917,-0.010243
3.918,0.000893
3.919,0.003815
3.920,0.003877
3.921,-0.002866
3.922,-0.011456
3.923,0.010417
3.924,0.003003
3.925,0.013660
3.926,0.012334
3.927,-0.014634
3.928,-0.015447
3.929,-0.008139
3.930,-0.012675
3.931,0.008136
3.932,0.002452
3.933,0.010763
3.934,0.001905
3.935,-0.000496
3.936,0.011544
3.937,0.003210
3.938,-0.000946
3.939,0.016838
3.940,0.001382
3.941,-0.002725
3.942,-0.008291
3.943,0.010863
3.944,0.017698
3.945,0.002393
3.946,0.018548
3.947,-0.021213
3.948,0.001098
3.949,0.000446
3.950,-0.008724
3.951,0.027679
3.952,-0.002558
3.953,-0.007320
3.954,-0.002542
3.955,-0.027034
3.956,-0.011972
3.957,0.009372
3.958,-0.009311
3.959,-0.010874
3.960,0.015714
3.961,0.017010
3.962,0.007967
3.963,-0.003034
3.964,-0.000020
3.965,-0.006650
3.966,-0.009084
3.967,-0.010106
3.968,-0.005653
3.969,-0.011490
3.970,-0.018764
3.971,0.001706
3.972,0.001052
3.973,0.017982
3.974,-0.010873
3.975,0.000553
3.976,0.000899
3.977,-0.005473
3.978,0.007169
3.979,0.008376
3.980,0.003929
3.981,-0.002141
3.982,-0.002527
3.983,-0.013986
3.984,-0.006818
3.985,-0.004464
3.986,-0.010634
3.987,0.007706
3.988,0.016123
3.989,-0.009970
3.990,0.003401
3.991,-0.013336
3.992,-0.005422
3.993,-0.010711
3.994,0.004370
3.995,-0.011145
3.996,0.009287
3.997,-0.005376
3.998,-0.009559
3.999,-0.015967
4.000,0.003038
4.001,0.011670
4.002,0.005043
4.003,0.029293
4.004,0.020011
4.005,-0.000690
4.006,-0.000963
4.007,0.008063
4.008,-0.008293
4.009,0.014923
4.010,0.004339
4.011,0.002150
4.012,0.006480
4.013,0.018247
4.014,-0.000802
4.015,-0.004356
4.016,0.015251
4.017,0.009184
4.018,-0.005615
4.019,-0.000865
4.020,0.002345
4.021,0.005269
4.022,-0.014516
4.023,-0.016083
4.024,-0.007796
4.025,-0.008577
4.026,-0.004873
4.027,0.010044
4.028,-0.000264
4.029,0.003284
4.030,-0.014692
4.031,-0.006467
4.032,0.005284
4.033,0.004712
4.034,-0.011548
4.035,-0.001060
4.036,0.023533
4.037,-0.002638
4.038,-0.010082
4.039,-0.003012
4.040,0.001106
4.041,-0.000887
4.042,0.001387
4.043,-0.014894
4.044,-0.008698
4.045,0.001208
4.046,0.000870
4.047,-0.004367
4.048,-0.000361
4.049,0.001659
4.050,0.010673
4.051,-0.002118
4.052,0.003026
4.053,-0.008926
4.054,0.004012
4.055,0.001509
4.056,0.007537
4.057,0.006134
4.058,0.005301
4.059,-0.002108
4.060,0.002939
4.061,0.013689
4.062,-0.006062
4.063,-0.005114
4.064,0.005030
4.065,0.007983
4.066,-0.007036
4.067,0.001530
4.068,0.000635
4.069,-0.025656
4.070,-0.002635
4.071,-0.002815
4.072,-0.003687
4.073,0.014564
4.074,-0.017443
4.075,-0.012895
4.076,-0.034200
4.077,-0.008198
4.078,-0.006511
4.079,-0.007047
4.080,0.013292
4.081,0.011254
4.082,0.002698
4.083,-0.002020
4.084,0.015167
4.085,0.002763
4.086,-0.006966
4.087,-0.018168
4.088,-0.003532
4.089,0.009983
4.090,0.027318
4.091,-0.000188
4.092,-0.010948
4.093,-0.016647
4.094,0.003770
4.095,-0.024175
4.096,0.003751
4.097,0.007385
4.098,0.003472
4.099,-0.003563
4.100,0.006779
4.101,0.002978
4.102,-0.007574
4.103,0.024632
4.104,-0.001367
4.105,0.012309
4.106,-0.026170
4.107,0.017745
4.108,0.019389
4.109,0.001285
4.110,0.006705
4.111,0.005775
4.112,-0.009477
4.113,0.004138
4.114,-0.012557
4.115,-0.010305
4.116,0.010670
4.117,0.009269
4.118,-0.010240
4.119,-0.009730
4.120,-0.007747
4.121,0.009719
4.122,-0.010236
4.123,0.006708
4.124,0.011815
4.125,0.001941
4.126,0.014974
4.127,-0.001225
4.128,-0.000803
4.129,-0.010800
4.130,0.012206
4.131,-0.010125
4.132,0.002434
4.133,-0.003283
4.134,-0.015487
4.135,-0.010309
4.136,0.013741
4.137,-0.000007
4.138,-0.013873
4.139,0.002737
4.140,-0.001753
4.141,0.042376
4.142,0.005185
4.143,-0.002140
4.144,0.019894
4.145,-0.019092
4.146,0.003985
4.147,0.026360
4.148,0.000369
4.149,-0.019873
4.150,-0.004751
4.151,0.016527
4.152,0.002749
4.153,-0.012493
4.154,-0.011076
4.155,-0.009716
4.156,0.001481
4.157,0.013631
4.158,0.010866
4.159,0.004545
4.160,-0.015980
4.161,-0.015008
4.162,0.008162
4.163,-0.013719
4.164,0.000146
4.165,0.006650
4.166,-0.010798
4.167,-0.009864
4.168,0.000634
4.169,0.006971
4.170,0.012738
4.171,0.006358
4.172,-0.000879
4.173,-0.011381
4.174,-0.015704
4.175,-0.009131
4.176,0.002066
4.177,0.001612
4.178,-0.026962
4.179,-0.010355
4.180,0.014454
4.181,0.001878
4.182,-0.015241
4.183,0.030697
4.184,0.002506
4.185,0.007612
4.186,0.007647
4.187,-0.001984
4.188,-0.006968
4.189,0.026387
4.190,0.012038
4.191,0.008936
4.192,0.005152
4.193,-0.014467
4.194,0.012477
4.195,-0.013118
4.196,0.000546
4.197,-0.022100
4.198,-0.026254
4.199,0.002892
4.200,-0.009709
4.201,-0.022943
4.202,0.008251
4.203,0.027868
4.204,0.019528
4.205,-0.000088
4.206,0.002959
4.207,0.013080
4.208,0.015229
4.209,-0.003195
4.210,0.000410
4.211,0.002680
4.212,0.004883
4.213,-0.004024
4.214,-0.004294
4.215,0.013558
4.216,0.011661
4.217,0.003302
4.218,0.018866
4.219,-0.005564
4.220,0.019476
4.221,0.007437
4.222,0.041016
4.223,-0.011883
4.224,-0.005419
4.225,0.008026
4.226,0.007620
4.227,0.025829
4.228,-0.006257
4.229,0.011786
4.230,0.013950
4.231,0.007529
4.232,-0.013295
4.233,0.014466
4.234,0.011899
4.235,0.004195
4.236,-0.000401
4.237,0.000286
4.238,-0.002708
4.239,0.006762
4.240,0.000374
4.241,-0.009255
4.242,-0.010820
4.243,-0.006597
4.244,0.005519
4.245,0.002677
4.246,0.005437
4.247,0.008437
4.248,-0.005764
4.249,0.018515
4.250,-0.003213
4.251,-0.006128
4.252,0.004025
4.253,-0.024465
4.254,-0.012340
4.255,0.008773
4.256,-0.023702
4.257,0.010984
4.258,0.016370
4.259,-0.005361
4.260,0.003502
4.261,0.014356
4.262,-0.003838
4.263,0.012840
4.264,-0.005201
4.265,-0.002731
4.266,-0.006739
4.267,0.006539
4.268,0.015659
4.269,-0.001282
4.270,-0.015255
4.271,-0.013920
4.272,0.002972
4.273,0.019702
4.274,0.001872
4.275,-0.007643
4.276,0.006341
4.277,-0.005301
4.278,-0.006303
4.279,-0.012429
4.280,0.016901
4.281,-0.029543
4.282,0.011338
4.283,-0.003138
4.284,-0.002071
4.285,0.023308
4.286,-0.005716
4.287,-0.005734
4.288,0.000199
4.289,0.005893
4.290,-0.005302
4.291,-0.019813
4.292,-0.012152
4.293,0.012949
4.294,-0.001956
4.295,0.002413
4.296,-0.005990
4.297,-0.010341
4.298,0.018367
4.299,-0.003185
4.300,-0.005320
4.301,0.014081
4.302,-0.006905
4.303,-0.004710
4.304,0.002976
4.305,0.003003
4.306,0.005969
4.307,0.027527
4.308,0.005798
4.309,-0.027610
4.310,0.003916
4.311,-0.000472
4.312,-0.001242
4.313,0.000524
4.314,-0.003197
4.315,-0.003631
4.316,0.004503
4.317,-0.008932
4.318,-0.013136
4.319,0.035358
4.320,-0.008590
4.321,0.002129
4.322,-0.016185
4.323,0.003825
4.324,-0.008346
4.325,-0.002310
4.326,0.015394
4.327,0.008091
4.328,0.008584
4.329,-0.020327
4.330,0.022043
4.331,-0.015230
4.332,0.016579
4.333,0.009831
4.334,0.004075
4.335,-0.013260
4.336,-0.001034
4.337,-0.008078
4.338,-0.001415
4.339,-0.003926
4.340,-0.024463
4.341,0.014388
4.342,0.000790
4.343,-0.003391
4.344,-0.003871
4.345,0.007302
4.346,-0.007872
4.347,-0.024635
4.348,0.006649
4.349,0.007156
4.350,-0.002396
4.351,-0.014702
4.352,-0.000696
4.353,-0.020001
4.354,-0.015180
4.355,-0.012008
4.356,0.007274
4.357,-0.006778
4.358,-0.007138
4.359,0.022529
4.360,0.004230
4.361,0.004995
4.362,-0.002673
4.363,-0.004729
4.364,-0.023384
4.365,0.014625
4.366,0.008233
4.367,0.000277
4.368,0.000117
4.369,0.009761
4.370,-0.018657
4.371,-0.008006
4.372,-0.015399
4.373,0.018831
4.374,0.007655
4.375,-0.029432
4.376,-0.021018
4.377,-0.004015
4.378,-0.007433
4.379,-0.016820
4.380,0.023337
4.381,0.004678
4.382,0.007461
4.383,-0.005877
4.384,0.011520
4.385,-0.001565
4.386,-0.000547
4.387,0.009759
4.388,-0.017785
4.389,0.020091
4.390,0.002189
4.391,0.014444
4.392,-0.014668
4.393,-0.013505
4.394,-0.016796
4.395,0.000004
4.396,-0.002061
4.397,-0.008000
4.398,-0.013932
4.399,-0.016126
4.400,-0.000582
4.401,-0.004660
4.402,-0.006464
4.403,0.020992
4.404,0.001865
4.405,0.018241
4.406,-0.003546
4.407,0.005364
4.408,0.001098
4.409,-0.019444
4.410,0.017140
4.411,-0.002549
4.412,0.007194
4.413,-0.011451
4.414,-0.004831
4.415,-0.013402
4.416,0.011979
4.417,0.001310
4.418,0.002641
4.419,0.015371
4.420,0.013876
4.421,0.010111
4.422,-0.015297
4.423,-0.005921
4.424,-0.009193
4.425,0.011730
4.426,0.004901
4.427,-0.014259
4.428,-0.000502
4.429,-0.017002
4.430,-0.000638
4.431,-0.020792
4.432,0.004583
4.433,0.002109
4.434,0.020042
4.435,0.007174
4.436,-0.007928
4.437,0.007390
4.438,-0.018535
4.439,-0.012477
4.440,0.003998
4.441,-0.024972
4.442,0.001317
4.443,-0.009816
4.444,0.004069
4.445,-0.009933
4.446,0.007944
4.447,0.002659
4.448,0.018568
4.449,0.001008
4.450,-0.009224
4.451,-0.003890
4.452,-0.017894
4.453,0.002447
4.454,0.004225
4.455,0.026630
4.456,-0.010315
4.457,-0.005641
4.458,-0.008672
4.459,0.001618
4.460,0.004580
4.461,0.000287
4.462,0.014799
4.463,-0.004977
4.464,0.014687
4.465,0.009462
4.466,0.002709
4.467,-0.001352
4.468,0.030883
4.469,-0.008877
4.470,0.003575
4.471,-0.009930
4.472,0.019664
4.473,0.008215
4.474,-0.010993
4.475,0.003151
4.476,0.000239
4.477,-0.008627
4.478,0.007335
4.479,0.003745
4.480,0.002588
4.481,0.000424
4.482,0.006936
4.483,0.005180
4.484,0.003562
4.485,-0.004692
4.486,0.023178
4.487,-0.010178
4.488,0.006895
4.489,-0.002916
4.490,0.021115
4.491,-0.011769
4.492,-0.010587
4.493,-0.014065
4.494,0.001028
4.495,-0.019477
4.496,-0.008596
4.497,-0.028255
4.498,0.001122
4.499,-0.006930
4.500,-0.017857
4.501,0.013954
4.502,-0.013929
4.503,0.011990
4.504,-0.005559
4.505,0.022219
4.506,0.011848
4.507,-0.009670
4.508,-0.009242
4.509,0.008193
4.510,-0.003149
4.511,-0.002959
4.512,0.013504
4.513,-0.011411
4.514,-0.001758
4.515,0.008456
4.516,0.006856
4.517,-0.004342
4.518,-0.005230
4.519,-0.021793
4.520,-0.012675
4.521,0.004747
4.522,0.000109
4.523,0.003326
4.524,0.015324
4.525,-0.011248
4.526,0.000019
4.527,0.004692
4.528,-0.006687
4.529,0.018105
4.530,0.010903
4.531,0.002555
4.532,0.019767
4.533,-0.020414
4.534,-0.002946
4.535,0.001396
4.536,-0.013828
4.537,0.001182
4.538,-0.015042
4.539,0.007360
4.540,0.012694
4.541,0.004195
4.542,-0.020470
4.543,-0.009174
4.544,0.009630
4.545,0.003254
4.546,-0.029475
4.547,0.017341
4.548,0.003403
4.549,-0.008902
4.550,0.011939
4.551,-0.009058
4.552,-0.010025
4.553,0.001873
4.554,0.018519
4.555,0.016483
4.556,0.001463
4.557,0.003122
4.558,0.007735
4.559,-0.016011
4.560,0.007730
4.561,-0.007882
4.562,0.005585
4.563,-0.000303
4.564,0.008868
4.565,0.004417
4.566,-0.034023
4.567,0.004574
4.568,0.009469
4.569,0.006278
4.570,-0.001231
4.571,0.018779
4.572,0.001973
4.573,0.002825
4.574,0.009681
4.575,0.001351
4.576,-0.013629
4.577,-0.031687
4.578,-0.007489
4.579,0.008204
4.580,-0.004237
4.581,0.010541
4.582,0.003548
4.583,0.017884
4.584,-0.000689
4.585,0.008611
4.586,0.008924
4.587,0.020446
4.588,-0.018716
4.589,-0.004574
4.590,0.010182
4.591,0.017624
4.592,0.001118
4.593,-0.005940
4.594,0.006232
4.595,0.007424
4.596,-0.007169
4.597,0.001537
4.598,0.012403
4.599,0.021758
4.600,0.008911
4.601,0.001457
4.602,0.001114
4.603,0.009116
4.604,0.001465
4.605,0.005276
4.606,-0.009841
4.607,0.017992
4.608,-0.011919
4.609,-0.004258
4.610,0.001171
4.611,0.022965
4.612,-0.006836
4.613,-0.010419
4.614,-0.009463
4.615,0.016907
4.616,-0.036601
4.617,-0.014460
4.618,0.031012
4.619,0.006164
4.620,-0.013272
4.621,0.000424
4.622,0.002573
4.623,0.012581
4.624,0.024927
4.625,0.007663
4.626,-0.003624
4.627,0.011872
4.628,-0.006616
4.629,-0.011473
4.630,-0.021119
4.631,-0.019709
4.632,-0.012521
4.633,-0.016561
4.634,0.000906
4.635,-0.017393
4.636,-0.040577
4.637,-0.014954
4.638,-0.007426
4.639,-0.008192
4.640,0.018234
4.641,-0.006435
4.642,0.012334
4.643,0.002199
4.644,0.002346
4.645,-0.007025
4.646,0.002148
4.647,-0.006754
4.648,0.003804
4.649,-0.001908
4.650,-0.011336
4.651,0.010976
4.652,0.003359
4.653,-0.007804
4.654,-0.001107
4.655,-0.004006
4.656,-0.013264
4.657,-0.001581
4.658,-0.009215
4.659,-0.012266
4.660,-0.019473
4.661,-0.003376
4.662,0.008567
4.663,-0.005909
4.664,0.033102
4.665,0.013628
4.666,0.018505
4.667,0.011970
4.668,0.023998
4.669,-0.008517
4.670,-0.030729
4.671,-0.006281
4.672,0.004935
4.673,-0.000609
4.674,0.000453
4.675,0.012851
4.676,0.001732
4.677,0.007160
4.678,-0.013038
4.679,-0.014072
4.680,0.019369
4.681,0.002138
4.682,-0.005715
4.683,-0.005030
4.684,-0.004936
4.685,-0.005508
4.686,-0.012545
4.687,-0.015578
4.688,-0.000577
4.689,-0.006188
4.690,0.013286
4.691,0.002590
4.692,0.001420
4.693,-0.011344
4.694,-0.004306
4.695,0.001332
4.696,0.005741
4.697,-0.003554
4.698,0.011186
4.699,-0.000831
4.700,0.009514
4.701,-0.004951
4.702,-0.019988
4.703,0.005647
4.704,0.011557
4.705,0.009904
4.706,0.007919
4.707,-0.001756
4.708,-0.007918
4.709,0.007548
4.710,0.005117
4.711,-0.007658
4.712,0.011550
4.713,-0.013021
4.714,-0.009855
4.715,0.016637
4.716,0.007570
4.717,-0.006723
4.718,0.001685
4.719,0.000930
4.720,-0.032947
4.721,-0.009951
4.722,0.001153
4.723,-0.001852
4.724,0.005818
4.725,0.016554
4.726,-0.001005
4.727,-0.010265
4.728,0.005662
4.729,-0.002992
4.730,-0.001873
4.731,-0.004428
4.732,0.025139
4.733,-0.029316
4.734,-0.007513
4.735,-0.003044
4.736,-0.012227
4.737,0.008371
4.738,0.007996
4.739,-0.001500
4.740,-0.003248
4.741,-0.000416
4.742,0.000506
4.743,0.001487
4.744,0.000597
4.745,0.006029
4.746,0.011892
4.747,-0.012336
4.748,-0.010845
4.749,-0.020055
4.750,0.010397
4.751,0.002077
4.752,0.004300
4.753,-0.019581
4.754,0.018566
4.755,-0.010306
4.756,-0.000835
4.757,0.007826
4.758,-0.013607
4.759,-0.007483
4.760,0.002150
4.761,0.035217
4.762,0.005377
4.763,0.021703
4.764,0.017321
4.765,0.007416
4.766,-0.009017
4.767,0.015144
4.768,-0.016214
4.769,0.020138
4.770,0.002400
4.771,-0.032730
4.772,-0.005849
4.773,0.005420
4.774,-0.005697
4.775,0.005580
4.776,-0.013053
4.777,-0.018099
4.778,-0.002621
4.779,-0.000548
4.780,-0.004181
4.781,0.015655
4.782,-0.008439
4.783,0.006185
4.784,0.003669
4.785,-0.015681
4.786,-0.012975
4.787,0.002570
4.788,0.025538
4.789,0.007878
4.790,-0.020708
4.791,-0.038253
4.792,0.007033
4.793,-0.003582
4.794,0.010842
4.795,-0.013569
4.796,0.001349
4.797,0.007727
4.798,-0.007133
4.799,-0.006040
4.800,0.000303
4.801,0.007439
4.802,0.001591
4.803,0.014115
4.804,-0.002690
4.805,-0.012941
4.806,0.026577
4.807,-0.004829
4.808,-0.005058
4.809,0.000137
4.810,0.000806
4.811,-0.005567
4.812,-0.001973
4.813,-0.002904
4.814,-0.000755
4.815,-0.031290
4.816,0.019717
4.817,-0.004195
4.818,0.005204
4.819,-0.017464
4.820,-0.005652
4.821,-0.007141
4.822,0.019400
4.823,-0.004603
4.824,0.011950
4.825,-0.004805
4.826,-0.002578
4.827,-0.000520
4.828,0.017169
4.829,-0.021751
4.830,-0.015788
4.831,-0.024295
4.832,-0.014813
4.833,-0.012166
4.834,-0.022227
4.835,-0.011810
4.836,-0.027030
4.837,-0.014643
4.838,0.012642
4.839,0.003916
4.840,0.002250
4.841,-0.011106
4.842,-0.016670
4.843,-0.011243
4.844,0.002335
4.845,0.013418
4.846,0.013682
4.847,0.009994
4.848,-0.007087
4.849,0.001222
4.850,-0.003856
4.851,-0.003341
4.852,0.022682
4.853,-0.023571
4.854,-0.005669
4.855,0.011541
4.856,-0.020444
4.857,-0.010152
4.858,-0.008112
4.859,-0.003607
4.860,-0.019151
4.861,0.008070
4.862,0.009759
4.863,0.008528
4.864,-0.007591
4.865,0.004038
4.866,-0.007940
4.867,-0.001564
4.868,0.027605
4.869,0.002075
4.870,-0.014250
4.871,0.001237
4.872,-0.017985
4.873,-0.016815
4.874,-0.015347
4.875,-0.008332
4.876,0.008390
4.877,0.004514
4.878,0.004513
4.879,-0.014114
4.880,-0.006496
4.881,0.004191
4.882,-0.005776
4.883,-0.000913
4.884,0.008149
4.885,-0.001185
4.886,0.005566
4.887,0.021540
4.888,-0.000299
4.889,0.015079
4.890,0.006712
4.891,-0.018534
4.892,-0.014989
4.893,-0.012430
4.894,-0.013111
4.895,-0.004083
4.896,0.004523
4.897,0.012635
4.898,0.001935
4.899,-0.006275
4.900,-0.024987
4.901,0.001774
4.902,0.002073
4.903,0.004622
4.904,0.028128
4.905,0.017887
4.906,0.012274
4.907,-0.009118
4.908,-0.004393
4.909,-0.000211
4.910,-0.009305
4.911,0.005079
4.912,0.002520
4.913,-0.015487
4.914,0.011509
4.915,-0.001772
4.916,-0.023602
4.917,-0.003043
4.918,0.001611
4.919,0.010746
4.920,-0.004050
4.921,0.010862
4.922,0.004009
4.923,-0.013354
4.924,-0.014129
4.925,0.016471
4.926,0.017205
4.927,0.006302
4.928,0.019712
4.929,0.013606
4.930,0.008204
4.931,-0.011863
4.932,0.019014
4.933,0.004009
4.934,-0.007483
4.935,-0.011019
4.936,0.000228
4.937,-0.022480
4.938,0.006633
4.939,-0.012370
4.940,0.004447
4.941,-0.005332
4.942,-0.001410
4.943,-0.006656
4.944,0.000918
4.945,0.025673
4.946,0.019474
4.947,0.006681
4.948,0.001460
4.949,0.011057
4.950,0.013560
4.951,-0.010885
4.952,-0.002693
4.953,-0.024291
4.954,0.010624
4.955,0.021780
4.956,-0.001892
4.957,-0.027927
4.958,0.005543
4.959,-0.011776
4.960,-0.007960
4.961,0.008446
4.962,0.004818
4.963,-0.003430
4.964,-0.004942
4.965,0.004510
4.966,-0.002060
4.967,-0.010884
4.968,-0.002227
4.969,0.005002
4.970,-0.002137
4.971,-0.017889
4.972,0.010105
4.973,-0.035293
4.974,-0.008210
4.975,-0.010442
4.976,-0.001075
4.977,0.004313
4.978,0.011758
4.979,-0.009476
4.980,0.007039
4.981,0.003277
4.982,-0.018775
4.983,0.025234
4.984,-0.014412
4.985,0.008034
4.986,0.007533
4.987,0.005735
4.988,-0.004172
4.989,0.010854
4.990,-0.018724
4.991,-0.001717
4.992,-0.008530
4.993,-0.010555
4.994,0.002292
4.995,0.009930
4.996,-0.006972
4.997,0.006941
4.998,-0.001166
4.999,-0.011640